Date,NVDA
2023-06-29 09:30:00-04:00,40.79199981689453
2023-06-29 10:30:00-04:00,41.21900177001953
2023-06-29 11:30:00-04:00,41.02199935913086
2023-06-29 12:30:00-04:00,40.935001373291016
2023-06-29 13:30:00-04:00,40.79100036621094
2023-06-29 14:30:00-04:00,40.782501220703125
2023-06-29 15:30:00-04:00,40.845001220703125
2023-06-30 09:30:00-04:00,42.34899139404297
2023-06-30 10:30:00-04:00,42.290000915527344
2023-06-30 11:30:00-04:00,42.18149185180664
2023-06-30 12:30:00-04:00,42.34700012207031
2023-06-30 13:30:00-04:00,42.45499801635742
2023-06-30 14:30:00-04:00,42.41899871826172
2023-06-30 15:30:00-04:00,42.28099822998047
2023-07-03 09:30:00-04:00,42.564788818359375
2023-07-03 10:30:00-04:00,42.541900634765625
2023-07-03 11:30:00-04:00,42.29100036621094
2023-07-03 12:30:00-04:00,
2023-07-05 09:30:00-04:00,43.07099914550781
2023-07-05 10:30:00-04:00,42.5359992980957
2023-07-05 11:30:00-04:00,42.743499755859375
2023-07-05 12:30:00-04:00,42.68080139160156
2023-07-05 13:30:00-04:00,42.541500091552734
2023-07-05 14:30:00-04:00,42.6245002746582
2023-07-05 15:30:00-04:00,42.323001861572266
2023-07-06 09:30:00-04:00,41.78641891479492
2023-07-06 10:30:00-04:00,41.57640075683594
2023-07-06 11:30:00-04:00,41.77199935913086
2023-07-06 12:30:00-04:00,41.82699966430664
2023-07-06 13:30:00-04:00,42.025001525878906
2023-07-06 14:30:00-04:00,41.967002868652344
2023-07-06 15:30:00-04:00,42.09600067138672
2023-07-07 09:30:00-04:00,42.67198944091797
2023-07-07 10:30:00-04:00,42.808998107910156
2023-07-07 11:30:00-04:00,42.9119987487793
2023-07-07 12:30:00-04:00,43.18299102783203
2023-07-07 13:30:00-04:00,43.145999908447266
2023-07-07 14:30:00-04:00,42.74500274658203
2023-07-07 15:30:00-04:00,42.50199890136719
2023-07-10 09:30:00-04:00,42.361000061035156
2023-07-10 10:30:00-04:00,42.073997497558594
2023-07-10 11:30:00-04:00,41.77899932861328
2023-07-10 12:30:00-04:00,42.0880012512207
2023-07-10 13:30:00-04:00,42.154998779296875
2023-07-10 14:30:00-04:00,42.113800048828125
2023-07-10 15:30:00-04:00,42.18400955200195
2023-07-11 09:30:00-04:00,42.573001861572266
2023-07-11 10:30:00-04:00,42.34000015258789
2023-07-11 11:30:00-04:00,42.257999420166016
2023-07-11 12:30:00-04:00,42.23500061035156
2023-07-11 13:30:00-04:00,42.19874954223633
2023-07-11 14:30:00-04:00,42.2490119934082
2023-07-11 15:30:00-04:00,42.4010009765625
2023-07-12 09:30:00-04:00,43.737998962402344
2023-07-12 10:30:00-04:00,43.551002502441406
2023-07-12 11:30:00-04:00,43.448997497558594
2023-07-12 12:30:00-04:00,43.611000061035156
2023-07-12 13:30:00-04:00,43.86899185180664
2023-07-12 14:30:00-04:00,43.707000732421875
2023-07-12 15:30:00-04:00,43.904998779296875
2023-07-13 09:30:00-04:00,44.589500427246094
2023-07-13 10:30:00-04:00,44.874000549316406
2023-07-13 11:30:00-04:00,44.878501892089844
2023-07-13 12:30:00-04:00,45.04750061035156
2023-07-13 13:30:00-04:00,45.2755012512207
2023-07-13 14:30:00-04:00,45.779991149902344
2023-07-13 15:30:00-04:00,45.98099899291992
2023-07-14 09:30:00-04:00,47.487998962402344
2023-07-14 10:30:00-04:00,47.1779899597168
2023-07-14 11:30:00-04:00,47.07699966430664
2023-07-14 12:30:00-04:00,46.32500076293945
2023-07-14 13:30:00-04:00,45.88758087158203
2023-07-14 14:30:00-04:00,45.1879997253418
2023-07-14 15:30:00-04:00,45.46900177001953
2023-07-17 09:30:00-04:00,45.73500061035156
2023-07-17 10:30:00-04:00,45.70000076293945
2023-07-17 11:30:00-04:00,45.41600036621094
2023-07-17 12:30:00-04:00,45.662498474121094
2023-07-17 13:30:00-04:00,45.9015007019043
2023-07-17 14:30:00-04:00,46.39099884033203
2023-07-17 15:30:00-04:00,46.465999603271484
2023-07-18 09:30:00-04:00,46.0359992980957
2023-07-18 10:30:00-04:00,46.025001525878906
2023-07-18 11:30:00-04:00,47.140499114990234
2023-07-18 12:30:00-04:00,47.428001403808594
2023-07-18 13:30:00-04:00,47.513999938964844
2023-07-18 14:30:00-04:00,47.86701965332031
2023-07-18 15:30:00-04:00,47.5
2023-07-19 09:30:00-04:00,47.141502380371094
2023-07-19 10:30:00-04:00,47.4630012512207
2023-07-19 11:30:00-04:00,47.12300109863281
2023-07-19 12:30:00-04:00,46.99399948120117
2023-07-19 13:30:00-04:00,46.775001525878906
2023-07-19 14:30:00-04:00,46.946781158447266
2023-07-19 15:30:00-04:00,47.07500076293945
2023-07-20 09:30:00-04:00,45.76350021362305
2023-07-20 10:30:00-04:00,46.14400100708008
2023-07-20 11:30:00-04:00,46.0
2023-07-20 12:30:00-04:00,46.0260009765625
2023-07-20 13:30:00-04:00,45.64249801635742
2023-07-20 14:30:00-04:00,45.2765007019043
2023-07-20 15:30:00-04:00,45.516090393066406
2023-07-21 09:30:00-04:00,44.689998626708984
2023-07-21 10:30:00-04:00,44.92150115966797
2023-07-21 11:30:00-04:00,44.732540130615234
2023-07-21 12:30:00-04:00,45.09149932861328
2023-07-21 13:30:00-04:00,44.95705032348633
2023-07-21 14:30:00-04:00,44.60799789428711
2023-07-21 15:30:00-04:00,44.30900955200195
2023-07-24 09:30:00-04:00,44.70600128173828
2023-07-24 10:30:00-04:00,44.933998107910156
2023-07-24 11:30:00-04:00,44.808998107910156
2023-07-24 12:30:00-04:00,44.65299987792969
2023-07-24 13:30:00-04:00,44.737998962402344
2023-07-24 14:30:00-04:00,44.404998779296875
2023-07-24 15:30:00-04:00,44.6140022277832
2023-07-25 09:30:00-04:00,45.838340759277344
2023-07-25 10:30:00-04:00,45.782997131347656
2023-07-25 11:30:00-04:00,45.87300109863281
2023-07-25 12:30:00-04:00,45.839012145996094
2023-07-25 13:30:00-04:00,45.87200164794922
2023-07-25 14:30:00-04:00,45.864498138427734
2023-07-25 15:30:00-04:00,45.6619987487793
2023-07-26 09:30:00-04:00,45.24100112915039
2023-07-26 10:30:00-04:00,44.970001220703125
2023-07-26 11:30:00-04:00,44.9640007019043
2023-07-26 12:30:00-04:00,45.15700149536133
2023-07-26 13:30:00-04:00,45.29999923706055
2023-07-26 14:30:00-04:00,45.36960983276367
2023-07-26 15:30:00-04:00,45.45499801635742
2023-07-27 09:30:00-04:00,46.36101150512695
2023-07-27 10:30:00-04:00,46.89699935913086
2023-07-27 11:30:00-04:00,47.31800079345703
2023-07-27 12:30:00-04:00,46.9269905090332
2023-07-27 13:30:00-04:00,46.47800064086914
2023-07-27 14:30:00-04:00,46.18720245361328
2023-07-27 15:30:00-04:00,45.900001525878906
2023-07-28 09:30:00-04:00,46.69097137451172
2023-07-28 10:30:00-04:00,46.94599914550781
2023-07-28 11:30:00-04:00,46.95798873901367
2023-07-28 12:30:00-04:00,46.604000091552734
2023-07-28 13:30:00-04:00,46.61766815185547
2023-07-28 14:30:00-04:00,46.54800033569336
2023-07-28 15:30:00-04:00,46.74399948120117
2023-07-31 09:30:00-04:00,46.86499786376953
2023-07-31 10:30:00-04:00,46.702178955078125
2023-07-31 11:30:00-04:00,46.73699951171875
2023-07-31 12:30:00-04:00,46.70199966430664
2023-07-31 13:30:00-04:00,46.70199966430664
2023-07-31 14:30:00-04:00,46.69866180419922
2023-07-31 15:30:00-04:00,46.736000061035156
2023-08-01 09:30:00-04:00,46.36200714111328
2023-08-01 10:30:00-04:00,46.591407775878906
2023-08-01 11:30:00-04:00,46.529998779296875
2023-08-01 12:30:00-04:00,46.724998474121094
2023-08-01 13:30:00-04:00,46.57550048828125
2023-08-01 14:30:00-04:00,46.591339111328125
2023-08-01 15:30:00-04:00,46.51250076293945
2023-08-02 09:30:00-04:00,45.13999938964844
2023-08-02 10:30:00-04:00,44.366790771484375
2023-08-02 11:30:00-04:00,43.536991119384766
2023-08-02 12:30:00-04:00,44.214622497558594
2023-08-02 13:30:00-04:00,44.35900115966797
2023-08-02 14:30:00-04:00,44.035499572753906
2023-08-02 15:30:00-04:00,44.26300048828125
2023-08-03 09:30:00-04:00,44.29899978637695
2023-08-03 10:30:00-04:00,44.918190002441406
2023-08-03 11:30:00-04:00,44.821990966796875
2023-08-03 12:30:00-04:00,44.86347198486328
2023-08-03 13:30:00-04:00,44.58565139770508
2023-08-03 14:30:00-04:00,44.4969596862793
2023-08-03 15:30:00-04:00,44.513999938964844
2023-08-04 09:30:00-04:00,44.79999923706055
2023-08-04 10:30:00-04:00,45.21977996826172
2023-08-04 11:30:00-04:00,45.37300109863281
2023-08-04 12:30:00-04:00,45.279998779296875
2023-08-04 13:30:00-04:00,44.930999755859375
2023-08-04 14:30:00-04:00,44.68450164794922
2023-08-04 15:30:00-04:00,44.689002990722656
2023-08-07 09:30:00-04:00,45.378501892089844
2023-08-07 10:30:00-04:00,44.981040954589844
2023-08-07 11:30:00-04:00,45.18199920654297
2023-08-07 12:30:00-04:00,44.77300262451172
2023-08-07 13:30:00-04:00,44.73299789428711
2023-08-07 14:30:00-04:00,44.986000061035156
2023-08-07 15:30:00-04:00,45.420997619628906
2023-08-08 09:30:00-04:00,44.80699920654297
2023-08-08 10:30:00-04:00,44.87520980834961
2023-08-08 11:30:00-04:00,44.49175262451172
2023-08-08 12:30:00-04:00,44.49549865722656
2023-08-08 13:30:00-04:00,44.669368743896484
2023-08-08 14:30:00-04:00,44.64699935913086
2023-08-08 15:30:00-04:00,44.659000396728516
2023-08-09 09:30:00-04:00,43.299991607666016
2023-08-09 10:30:00-04:00,42.477989196777344
2023-08-09 11:30:00-04:00,42.97200012207031
2023-08-09 12:30:00-04:00,43.07944869995117
2023-08-09 13:30:00-04:00,43.31449890136719
2023-08-09 14:30:00-04:00,42.814762115478516
2023-08-09 15:30:00-04:00,42.54500198364258
2023-08-10 09:30:00-04:00,42.957000732421875
2023-08-10 10:30:00-04:00,42.513999938964844
2023-08-10 11:30:00-04:00,42.383399963378906
2023-08-10 12:30:00-04:00,42.3759880065918
2023-08-10 13:30:00-04:00,42.412147521972656
2023-08-10 14:30:00-04:00,42.43254089355469
2023-08-10 15:30:00-04:00,42.388999938964844
2023-08-11 09:30:00-04:00,41.60599899291992
2023-08-11 10:30:00-04:00,40.94226837158203
2023-08-11 11:30:00-04:00,41.047000885009766
2023-08-11 12:30:00-04:00,41.10591125488281
2023-08-11 13:30:00-04:00,41.06700134277344
2023-08-11 14:30:00-04:00,41.02399826049805
2023-08-11 15:30:00-04:00,40.85499954223633
2023-08-14 09:30:00-04:00,41.95499801635742
2023-08-14 10:30:00-04:00,42.763999938964844
2023-08-14 11:30:00-04:00,42.99216079711914
2023-08-14 12:30:00-04:00,43.467002868652344
2023-08-14 13:30:00-04:00,43.398990631103516
2023-08-14 14:30:00-04:00,43.40517807006836
2023-08-14 15:30:00-04:00,43.761497497558594
2023-08-15 09:30:00-04:00,43.91102981567383
2023-08-15 10:30:00-04:00,44.54793930053711
2023-08-15 11:30:00-04:00,44.753562927246094
2023-08-15 12:30:00-04:00,44.470001220703125
2023-08-15 13:30:00-04:00,44.44252014160156
2023-08-15 14:30:00-04:00,44.189002990722656
2023-08-15 15:30:00-04:00,43.941001892089844
2023-08-16 09:30:00-04:00,44.20000076293945
2023-08-16 10:30:00-04:00,44.12601852416992
2023-08-16 11:30:00-04:00,43.53593063354492
2023-08-16 12:30:00-04:00,43.79999923706055
2023-08-16 13:30:00-04:00,44.08245086669922
2023-08-16 14:30:00-04:00,43.629032135009766
2023-08-16 15:30:00-04:00,43.47999954223633
2023-08-17 09:30:00-04:00,43.60100173950195
2023-08-17 10:30:00-04:00,43.36415100097656
2023-08-17 11:30:00-04:00,43.62000274658203
2023-08-17 12:30:00-04:00,43.69300079345703
2023-08-17 13:30:00-04:00,43.50600051879883
2023-08-17 14:30:00-04:00,43.226348876953125
2023-08-17 15:30:00-04:00,43.34299850463867
2023-08-18 09:30:00-04:00,41.92399978637695
2023-08-18 10:30:00-04:00,42.387001037597656
2023-08-18 11:30:00-04:00,42.87300109863281
2023-08-18 12:30:00-04:00,42.9734992980957
2023-08-18 13:30:00-04:00,43.18000030517578
2023-08-18 14:30:00-04:00,43.243499755859375
2023-08-18 15:30:00-04:00,43.288002014160156
2023-08-21 09:30:00-04:00,45.15999984741211
2023-08-21 10:30:00-04:00,45.176002502441406
2023-08-21 11:30:00-04:00,45.63500213623047
2023-08-21 12:30:00-04:00,46.086299896240234
2023-08-21 13:30:00-04:00,46.23999786376953
2023-08-21 14:30:00-04:00,46.8015022277832
2023-08-21 15:30:00-04:00,46.959999084472656
2023-08-22 09:30:00-04:00,46.07999801635742
2023-08-22 10:30:00-04:00,45.92300033569336
2023-08-22 11:30:00-04:00,45.60799789428711
2023-08-22 12:30:00-04:00,45.64849853515625
2023-08-22 13:30:00-04:00,45.95398712158203
2023-08-22 14:30:00-04:00,45.712989807128906
2023-08-22 15:30:00-04:00,45.672000885009766
2023-08-23 09:30:00-04:00,46.33599853515625
2023-08-23 10:30:00-04:00,46.57699966430664
2023-08-23 11:30:00-04:00,46.6968994140625
2023-08-23 12:30:00-04:00,46.788002014160156
2023-08-23 13:30:00-04:00,46.92218780517578
2023-08-23 14:30:00-04:00,46.939002990722656
2023-08-23 15:30:00-04:00,47.12200164794922
2023-08-24 09:30:00-04:00,48.035499572753906
2023-08-24 10:30:00-04:00,47.98200225830078
2023-08-24 11:30:00-04:00,48.4379997253418
2023-08-24 12:30:00-04:00,48.33699035644531
2023-08-24 13:30:00-04:00,48.467498779296875
2023-08-24 14:30:00-04:00,47.444000244140625
2023-08-24 15:30:00-04:00,47.1619987487793
2023-08-25 09:30:00-04:00,47.05950164794922
2023-08-25 10:30:00-04:00,45.816001892089844
2023-08-25 11:30:00-04:00,45.44499969482422
2023-08-25 12:30:00-04:00,45.36000061035156
2023-08-25 13:30:00-04:00,45.939002990722656
2023-08-25 14:30:00-04:00,46.12799835205078
2023-08-25 15:30:00-04:00,46.01799774169922
2023-08-28 09:30:00-04:00,45.64099884033203
2023-08-28 10:30:00-04:00,45.88800048828125
2023-08-28 11:30:00-04:00,45.88500213623047
2023-08-28 12:30:00-04:00,46.788002014160156
2023-08-28 13:30:00-04:00,46.64800262451172
2023-08-28 14:30:00-04:00,46.58049774169922
2023-08-28 15:30:00-04:00,46.81549835205078
2023-08-29 09:30:00-04:00,48.150001525878906
2023-08-29 10:30:00-04:00,48.407997131347656
2023-08-29 11:30:00-04:00,48.84197235107422
2023-08-29 12:30:00-04:00,48.92399978637695
2023-08-29 13:30:00-04:00,48.96535110473633
2023-08-29 14:30:00-04:00,48.9010009765625
2023-08-29 15:30:00-04:00,48.76900100708008
2023-08-30 09:30:00-04:00,48.86600112915039
2023-08-30 10:30:00-04:00,49.49590301513672
2023-08-30 11:30:00-04:00,49.67499923706055
2023-08-30 12:30:00-04:00,49.80350112915039
2023-08-30 13:30:00-04:00,49.10799789428711
2023-08-30 14:30:00-04:00,49.05344009399414
2023-08-30 15:30:00-04:00,49.26499938964844
2023-08-31 09:30:00-04:00,49.612998962402344
2023-08-31 10:30:00-04:00,49.555999755859375
2023-08-31 11:30:00-04:00,49.2239990234375
2023-08-31 12:30:00-04:00,49.40302276611328
2023-08-31 13:30:00-04:00,49.41699981689453
2023-08-31 14:30:00-04:00,49.60100173950195
2023-08-31 15:30:00-04:00,49.36499786376953
2023-09-01 09:30:00-04:00,48.801998138427734
2023-09-01 10:30:00-04:00,48.415000915527344
2023-09-01 11:30:00-04:00,48.486000061035156
2023-09-01 12:30:00-04:00,48.57600021362305
2023-09-01 13:30:00-04:00,48.469120025634766
2023-09-01 14:30:00-04:00,48.64299774169922
2023-09-01 15:30:00-04:00,48.50699996948242
2023-09-05 09:30:00-04:00,48.31749725341797
2023-09-05 10:30:00-04:00,48.39501190185547
2023-09-05 11:30:00-04:00,48.32600021362305
2023-09-05 12:30:00-04:00,48.396270751953125
2023-09-05 13:30:00-04:00,48.75400161743164
2023-09-05 14:30:00-04:00,48.753822326660156
2023-09-05 15:30:00-04:00,48.54899978637695
2023-09-06 09:30:00-04:00,46.88011932373047
2023-09-06 10:30:00-04:00,46.90599822998047
2023-09-06 11:30:00-04:00,46.71900177001953
2023-09-06 12:30:00-04:00,47.016502380371094
2023-09-06 13:30:00-04:00,47.10199737548828
2023-09-06 14:30:00-04:00,46.917999267578125
2023-09-06 15:30:00-04:00,47.0620002746582
2023-09-07 09:30:00-04:00,45.8129997253418
2023-09-07 10:30:00-04:00,45.61750030517578
2023-09-07 11:30:00-04:00,45.79999923706055
2023-09-07 12:30:00-04:00,45.656532287597656
2023-09-07 13:30:00-04:00,45.840999603271484
2023-09-07 14:30:00-04:00,46.25699996948242
2023-09-07 15:30:00-04:00,46.2239990234375
2023-09-08 09:30:00-04:00,46.073997497558594
2023-09-08 10:30:00-04:00,45.66469192504883
2023-09-08 11:30:00-04:00,45.97200012207031
2023-09-08 12:30:00-04:00,45.685001373291016
2023-09-08 13:30:00-04:00,45.436927795410156
2023-09-08 14:30:00-04:00,45.41400146484375
2023-09-08 15:30:00-04:00,45.571998596191406
2023-09-11 09:30:00-04:00,44.63800048828125
2023-09-11 10:30:00-04:00,44.76000213623047
2023-09-11 11:30:00-04:00,44.6785888671875
2023-09-11 12:30:00-04:00,44.95650100708008
2023-09-11 13:30:00-04:00,44.96977996826172
2023-09-11 14:30:00-04:00,45.29249954223633
2023-09-11 15:30:00-04:00,45.17749786376953
2023-09-12 09:30:00-04:00,45.064998626708984
2023-09-12 10:30:00-04:00,45.26499938964844
2023-09-12 11:30:00-04:00,45.332191467285156
2023-09-12 12:30:00-04:00,45.314998626708984
2023-09-12 13:30:00-04:00,45.301998138427734
2023-09-12 14:30:00-04:00,44.92399978637695
2023-09-12 15:30:00-04:00,44.86899948120117
2023-09-13 09:30:00-04:00,45.201499938964844
2023-09-13 10:30:00-04:00,45.649898529052734
2023-09-13 11:30:00-04:00,45.64099884033203
2023-09-13 12:30:00-04:00,45.78832244873047
2023-09-13 13:30:00-04:00,45.64849853515625
2023-09-13 14:30:00-04:00,45.445499420166016
2023-09-13 15:30:00-04:00,45.5
2023-09-14 09:30:00-04:00,45.516502380371094
2023-09-14 10:30:00-04:00,45.75853729248047
2023-09-14 11:30:00-04:00,45.52149963378906
2023-09-14 12:30:00-04:00,45.36899948120117
2023-09-14 13:30:00-04:00,45.242000579833984
2023-09-14 14:30:00-04:00,45.423099517822266
2023-09-14 15:30:00-04:00,45.590999603271484
2023-09-15 09:30:00-04:00,44.691001892089844
2023-09-15 10:30:00-04:00,44.24150085449219
2023-09-15 11:30:00-04:00,44.275001525878906
2023-09-15 12:30:00-04:00,43.985260009765625
2023-09-15 13:30:00-04:00,43.87049865722656
2023-09-15 14:30:00-04:00,44.057411193847656
2023-09-15 15:30:00-04:00,43.89699935913086
2023-09-18 09:30:00-04:00,43.6140022277832
2023-09-18 10:30:00-04:00,43.65392303466797
2023-09-18 11:30:00-04:00,44.165008544921875
2023-09-18 12:30:00-04:00,44.015769958496094
2023-09-18 13:30:00-04:00,43.980499267578125
2023-09-18 14:30:00-04:00,43.79710006713867
2023-09-18 15:30:00-04:00,43.96500015258789
2023-09-19 09:30:00-04:00,43.55699920654297
2023-09-19 10:30:00-04:00,43.24500274658203
2023-09-19 11:30:00-04:00,43.19350051879883
2023-09-19 12:30:00-04:00,43.40299987792969
2023-09-19 13:30:00-04:00,43.58649826049805
2023-09-19 14:30:00-04:00,43.528602600097656
2023-09-19 15:30:00-04:00,43.50899887084961
2023-09-20 09:30:00-04:00,43.47699737548828
2023-09-20 10:30:00-04:00,43.336997985839844
2023-09-20 11:30:00-04:00,43.51000213623047
2023-09-20 12:30:00-04:00,43.207000732421875
2023-09-20 13:30:00-04:00,43.099998474121094
2023-09-20 14:30:00-04:00,42.83953094482422
2023-09-20 15:30:00-04:00,42.23099899291992
2023-09-21 09:30:00-04:00,41.79500198364258
2023-09-21 10:30:00-04:00,41.432830810546875
2023-09-21 11:30:00-04:00,41.461997985839844
2023-09-21 12:30:00-04:00,41.569000244140625
2023-09-21 13:30:00-04:00,41.3745002746582
2023-09-21 14:30:00-04:00,41.045997619628906
2023-09-21 15:30:00-04:00,41.00600051879883
2023-09-22 09:30:00-04:00,41.480499267578125
2023-09-22 10:30:00-04:00,42.00400161743164
2023-09-22 11:30:00-04:00,41.891502380371094
2023-09-22 12:30:00-04:00,41.6609992980957
2023-09-22 13:30:00-04:00,41.532501220703125
2023-09-22 14:30:00-04:00,41.86800003051758
2023-09-22 15:30:00-04:00,41.63199996948242
2023-09-25 09:30:00-04:00,42.178001403808594
2023-09-25 10:30:00-04:00,42.27799987792969
2023-09-25 11:30:00-04:00,42.36429977416992
2023-09-25 12:30:00-04:00,42.14899826049805
2023-09-25 13:30:00-04:00,42.01000213623047
2023-09-25 14:30:00-04:00,41.92449951171875
2023-09-25 15:30:00-04:00,42.229000091552734
2023-09-26 09:30:00-04:00,42.3640022277832
2023-09-26 10:30:00-04:00,42.09049987792969
2023-09-26 11:30:00-04:00,42.23649978637695
2023-09-26 12:30:00-04:00,42.18000030517578
2023-09-26 13:30:00-04:00,42.21599197387695
2023-09-26 14:30:00-04:00,41.86896896362305
2023-09-26 15:30:00-04:00,41.9119987487793
2023-09-27 09:30:00-04:00,42.34600067138672
2023-09-27 10:30:00-04:00,42.25
2023-09-27 11:30:00-04:00,41.834999084472656
2023-09-27 12:30:00-04:00,41.76300048828125
2023-09-27 13:30:00-04:00,42.20249938964844
2023-09-27 14:30:00-04:00,42.63399887084961
2023-09-27 15:30:00-04:00,42.46799850463867
2023-09-28 09:30:00-04:00,42.56000900268555
2023-09-28 10:30:00-04:00,42.92040252685547
2023-09-28 11:30:00-04:00,43.39899826049805
2023-09-28 12:30:00-04:00,43.162010192871094
2023-09-28 13:30:00-04:00,43.22898864746094
2023-09-28 14:30:00-04:00,43.28887939453125
2023-09-28 15:30:00-04:00,43.06800079345703
2023-09-29 09:30:00-04:00,43.774009704589844
2023-09-29 10:30:00-04:00,43.810001373291016
2023-09-29 11:30:00-04:00,43.718990325927734
2023-09-29 12:30:00-04:00,43.54199981689453
2023-09-29 13:30:00-04:00,43.382999420166016
2023-09-29 14:30:00-04:00,43.551998138427734
2023-09-29 15:30:00-04:00,43.48699951171875
2023-10-02 09:30:00-04:00,44.65700149536133
2023-10-02 10:30:00-04:00,45.14500045776367
2023-10-02 11:30:00-04:00,44.72200012207031
2023-10-02 12:30:00-04:00,44.790000915527344
2023-10-02 13:30:00-04:00,44.4734992980957
2023-10-02 14:30:00-04:00,44.489498138427734
2023-10-02 15:30:00-04:00,44.795997619628906
2023-10-03 09:30:00-04:00,44.38405990600586
2023-10-03 10:30:00-04:00,43.873497009277344
2023-10-03 11:30:00-04:00,43.94580078125
2023-10-03 12:30:00-04:00,43.60150146484375
2023-10-03 13:30:00-04:00,43.5053596496582
2023-10-03 14:30:00-04:00,43.36199951171875
2023-10-03 15:30:00-04:00,43.534000396728516
2023-10-04 09:30:00-04:00,43.3129997253418
2023-10-04 10:30:00-04:00,43.8703498840332
2023-10-04 11:30:00-04:00,43.86600112915039
2023-10-04 12:30:00-04:00,43.624000549316406
2023-10-04 13:30:00-04:00,43.605499267578125
2023-10-04 14:30:00-04:00,43.930999755859375
2023-10-04 15:30:00-04:00,44.00699996948242
2023-10-05 09:30:00-04:00,44.48699951171875
2023-10-05 10:30:00-04:00,44.27399826049805
2023-10-05 11:30:00-04:00,44.53799057006836
2023-10-05 12:30:00-04:00,44.53200149536133
2023-10-05 13:30:00-04:00,44.74449920654297
2023-10-05 14:30:00-04:00,44.773040771484375
2023-10-05 15:30:00-04:00,44.68000030517578
2023-10-06 09:30:00-04:00,44.70800018310547
2023-10-06 10:30:00-04:00,45.01300048828125
2023-10-06 11:30:00-04:00,45.48999786376953
2023-10-06 12:30:00-04:00,45.56700134277344
2023-10-06 13:30:00-04:00,45.61600112915039
2023-10-06 14:30:00-04:00,45.69350051879883
2023-10-06 15:30:00-04:00,45.76163101196289
2023-10-09 09:30:00-04:00,44.709320068359375
2023-10-09 10:30:00-04:00,44.51000213623047
2023-10-09 11:30:00-04:00,44.775001525878906
2023-10-09 12:30:00-04:00,45.066009521484375
2023-10-09 13:30:00-04:00,45.41967010498047
2023-10-09 14:30:00-04:00,45.51700210571289
2023-10-09 15:30:00-04:00,45.27300262451172
2023-10-10 09:30:00-04:00,45.61499786376953
2023-10-10 10:30:00-04:00,46.07749938964844
2023-10-10 11:30:00-04:00,46.0890007019043
2023-10-10 12:30:00-04:00,45.986717224121094
2023-10-10 13:30:00-04:00,45.84798812866211
2023-10-10 14:30:00-04:00,45.953548431396484
2023-10-10 15:30:00-04:00,45.79399871826172
2023-10-11 09:30:00-04:00,46.375118255615234
2023-10-11 10:30:00-04:00,46.437007904052734
2023-10-11 11:30:00-04:00,46.314998626708984
2023-10-11 12:30:00-04:00,46.20199966430664
2023-10-11 13:30:00-04:00,46.37699890136719
2023-10-11 14:30:00-04:00,46.59400177001953
2023-10-11 15:30:00-04:00,46.808998107910156
2023-10-12 09:30:00-04:00,47.17850112915039
2023-10-12 10:30:00-04:00,47.220001220703125
2023-10-12 11:30:00-04:00,47.452049255371094
2023-10-12 12:30:00-04:00,46.928001403808594
2023-10-12 13:30:00-04:00,46.7140007019043
2023-10-12 14:30:00-04:00,46.87000274658203
2023-10-12 15:30:00-04:00,46.94599914550781
2023-10-13 09:30:00-04:00,46.59000015258789
2023-10-13 10:30:00-04:00,46.080360412597656
2023-10-13 11:30:00-04:00,46.1436882019043
2023-10-13 12:30:00-04:00,45.500999450683594
2023-10-13 13:30:00-04:00,45.37999725341797
2023-10-13 14:30:00-04:00,45.507999420166016
2023-10-13 15:30:00-04:00,45.45800018310547
2023-10-16 09:30:00-04:00,46.01749801635742
2023-10-16 10:30:00-04:00,46.047000885009766
2023-10-16 11:30:00-04:00,45.87799835205078
2023-10-16 12:30:00-04:00,45.652000427246094
2023-10-16 13:30:00-04:00,45.894500732421875
2023-10-16 14:30:00-04:00,46.14200973510742
2023-10-16 15:30:00-04:00,46.0880012512207
2023-10-17 09:30:00-04:00,43.73221969604492
2023-10-17 10:30:00-04:00,44.170997619628906
2023-10-17 11:30:00-04:00,44.7244987487793
2023-10-17 12:30:00-04:00,44.01499938964844
2023-10-17 13:30:00-04:00,43.96379852294922
2023-10-17 14:30:00-04:00,43.91699981689453
2023-10-17 15:30:00-04:00,43.95499801635742
2023-10-18 09:30:00-04:00,42.68199920654297
2023-10-18 10:30:00-04:00,42.36101150512695
2023-10-18 11:30:00-04:00,42.30875015258789
2023-10-18 12:30:00-04:00,42.37099838256836
2023-10-18 13:30:00-04:00,42.24501037597656
2023-10-18 14:30:00-04:00,42.02149963378906
2023-10-18 15:30:00-04:00,42.196998596191406
2023-10-19 09:30:00-04:00,42.6619987487793
2023-10-19 10:30:00-04:00,42.749427795410156
2023-10-19 11:30:00-04:00,42.848167419433594
2023-10-19 12:30:00-04:00,42.77000045776367
2023-10-19 13:30:00-04:00,42.412940979003906
2023-10-19 14:30:00-04:00,42.08399963378906
2023-10-19 15:30:00-04:00,42.08399963378906
2023-10-20 09:30:00-04:00,41.882999420166016
2023-10-20 10:30:00-04:00,41.215999603271484
2023-10-20 11:30:00-04:00,41.21549987792969
2023-10-20 12:30:00-04:00,41.7130012512207
2023-10-20 13:30:00-04:00,41.497501373291016
2023-10-20 14:30:00-04:00,41.49500274658203
2023-10-20 15:30:00-04:00,41.374000549316406
2023-10-23 09:30:00-04:00,42.35900115966797
2023-10-23 10:30:00-04:00,42.56549835205078
2023-10-23 11:30:00-04:00,42.827999114990234
2023-10-23 12:30:00-04:00,42.79100036621094
2023-10-23 13:30:00-04:00,42.86149978637695
2023-10-23 14:30:00-04:00,42.917999267578125
2023-10-23 15:30:00-04:00,42.979000091552734
2023-10-24 09:30:00-04:00,43.01274871826172
2023-10-24 10:30:00-04:00,43.03398895263672
2023-10-24 11:30:00-04:00,42.91400146484375
2023-10-24 12:30:00-04:00,43.111000061035156
2023-10-24 13:30:00-04:00,43.22600173950195
2023-10-24 14:30:00-04:00,43.545997619628906
2023-10-24 15:30:00-04:00,43.663002014160156
2023-10-25 09:30:00-04:00,43.346500396728516
2023-10-25 10:30:00-04:00,42.909000396728516
2023-10-25 11:30:00-04:00,42.530799865722656
2023-10-25 12:30:00-04:00,42.02479934692383
2023-10-25 13:30:00-04:00,41.99800109863281
2023-10-25 14:30:00-04:00,41.85499954223633
2023-10-25 15:30:00-04:00,41.7609977722168
2023-10-26 09:30:00-04:00,41.01700210571289
2023-10-26 10:30:00-04:00,40.41300964355469
2023-10-26 11:30:00-04:00,40.24300003051758
2023-10-26 12:30:00-04:00,40.082000732421875
2023-10-26 13:30:00-04:00,40.56800079345703
2023-10-26 14:30:00-04:00,40.73699188232422
2023-10-26 15:30:00-04:00,40.274497985839844
2023-10-27 09:30:00-04:00,40.715999603271484
2023-10-27 10:30:00-04:00,40.95750045776367
2023-10-27 11:30:00-04:00,40.76799774169922
2023-10-27 12:30:00-04:00,40.49300003051758
2023-10-27 13:30:00-04:00,40.12000274658203
2023-10-27 14:30:00-04:00,40.35599899291992
2023-10-27 15:30:00-04:00,40.50499725341797
2023-10-30 09:30:00-04:00,40.952999114990234
2023-10-30 10:30:00-04:00,40.73400115966797
2023-10-30 11:30:00-04:00,40.70000076293945
2023-10-30 12:30:00-04:00,40.861000061035156
2023-10-30 13:30:00-04:00,41.09400177001953
2023-10-30 14:30:00-04:00,41.360008239746094
2023-10-30 15:30:00-04:00,41.159000396728516
2023-10-31 09:30:00-04:00,39.88692092895508
2023-10-31 10:30:00-04:00,40.14500045776367
2023-10-31 11:30:00-04:00,40.18552017211914
2023-10-31 12:30:00-04:00,40.24500274658203
2023-10-31 13:30:00-04:00,40.42000198364258
2023-10-31 14:30:00-04:00,40.79800033569336
2023-10-31 15:30:00-04:00,40.78200149536133
2023-11-01 09:30:00-04:00,41.60000991821289
2023-11-01 10:30:00-04:00,41.8120002746582
2023-11-01 11:30:00-04:00,41.7140007019043
2023-11-01 12:30:00-04:00,41.65700149536133
2023-11-01 13:30:00-04:00,41.6875
2023-11-01 14:30:00-04:00,42.1609992980957
2023-11-01 15:30:00-04:00,42.310001373291016
2023-11-02 09:30:00-04:00,43.42403030395508
2023-11-02 10:30:00-04:00,43.20600128173828
2023-11-02 11:30:00-04:00,43.150001525878906
2023-11-02 12:30:00-04:00,43.279998779296875
2023-11-02 13:30:00-04:00,43.46099853515625
2023-11-02 14:30:00-04:00,43.7026481628418
2023-11-02 15:30:00-04:00,43.5109977722168
2023-11-03 09:30:00-04:00,43.9739990234375
2023-11-03 10:30:00-04:00,44.469791412353516
2023-11-03 11:30:00-04:00,44.76499938964844
2023-11-03 12:30:00-04:00,44.73699951171875
2023-11-03 13:30:00-04:00,45.14299774169922
2023-11-03 14:30:00-04:00,45.09600067138672
2023-11-03 15:30:00-04:00,45.00400161743164
2023-11-06 09:30:00-05:00,45.5
2023-11-06 10:30:00-05:00,45.654998779296875
2023-11-06 11:30:00-05:00,45.348419189453125
2023-11-06 12:30:00-05:00,44.99800109863281
2023-11-06 13:30:00-05:00,45.375
2023-11-06 14:30:00-05:00,45.67499923706055
2023-11-06 15:30:00-05:00,45.755699157714844
2023-11-07 09:30:00-05:00,45.78199005126953
2023-11-07 10:30:00-05:00,46.073997497558594
2023-11-07 11:30:00-05:00,45.86750030517578
2023-11-07 12:30:00-05:00,46.019989013671875
2023-11-07 13:30:00-05:00,46.145999908447266
2023-11-07 14:30:00-05:00,46.051002502441406
2023-11-07 15:30:00-05:00,45.954002380371094
2023-11-08 09:30:00-05:00,46.187007904052734
2023-11-08 10:30:00-05:00,46.3754997253418
2023-11-08 11:30:00-05:00,46.323001861572266
2023-11-08 12:30:00-05:00,46.69449996948242
2023-11-08 13:30:00-05:00,46.80759811401367
2023-11-08 14:30:00-05:00,46.627689361572266
2023-11-08 15:30:00-05:00,46.58300018310547
2023-11-09 09:30:00-05:00,47.57999801635742
2023-11-09 10:30:00-05:00,47.810001373291016
2023-11-09 11:30:00-05:00,47.864990234375
2023-11-09 12:30:00-05:00,47.926998138427734
2023-11-09 13:30:00-05:00,47.349998474121094
2023-11-09 14:30:00-05:00,46.98699951171875
2023-11-09 15:30:00-05:00,46.95549774169922
2023-11-10 09:30:00-05:00,47.49599838256836
2023-11-10 10:30:00-05:00,47.79846954345703
2023-11-10 11:30:00-05:00,47.941001892089844
2023-11-10 12:30:00-05:00,48.113502502441406
2023-11-10 13:30:00-05:00,48.28350067138672
2023-11-10 14:30:00-05:00,48.32149887084961
2023-11-10 15:30:00-05:00,48.34000015258789
2023-11-13 09:30:00-05:00,48.89099884033203
2023-11-13 10:30:00-05:00,48.88999938964844
2023-11-13 11:30:00-05:00,48.8120002746582
2023-11-13 12:30:00-05:00,48.72200012207031
2023-11-13 13:30:00-05:00,49.03001022338867
2023-11-13 14:30:00-05:00,49.05698776245117
2023-11-13 15:30:00-05:00,48.61800003051758
2023-11-14 09:30:00-05:00,49.419151306152344
2023-11-14 10:30:00-05:00,49.59600067138672
2023-11-14 11:30:00-05:00,49.4890022277832
2023-11-14 12:30:00-05:00,49.5625
2023-11-14 13:30:00-05:00,49.57537078857422
2023-11-14 14:30:00-05:00,49.7234992980957
2023-11-14 15:30:00-05:00,49.65399932861328
2023-11-15 09:30:00-05:00,49.22100067138672
2023-11-15 10:30:00-05:00,49.301002502441406
2023-11-15 11:30:00-05:00,48.69499969482422
2023-11-15 12:30:00-05:00,48.596012115478516
2023-11-15 13:30:00-05:00,48.87622833251953
2023-11-15 14:30:00-05:00,48.71849822998047
2023-11-15 15:30:00-05:00,48.909000396728516
2023-11-16 09:30:00-05:00,48.960418701171875
2023-11-16 10:30:00-05:00,48.715999603271484
2023-11-16 11:30:00-05:00,49.17449951171875
2023-11-16 12:30:00-05:00,49.176998138427734
2023-11-16 13:30:00-05:00,49.086997985839844
2023-11-16 14:30:00-05:00,49.23186111450195
2023-11-16 15:30:00-05:00,49.487998962402344
2023-11-17 09:30:00-05:00,49.34000015258789
2023-11-17 10:30:00-05:00,49.31919860839844
2023-11-17 11:30:00-05:00,49.284000396728516
2023-11-17 12:30:00-05:00,49.532997131347656
2023-11-17 13:30:00-05:00,49.48122787475586
2023-11-17 14:30:00-05:00,49.407501220703125
2023-11-17 15:30:00-05:00,49.29800033569336
2023-11-20 09:30:00-05:00,49.76668167114258
2023-11-20 10:30:00-05:00,49.69599914550781
2023-11-20 11:30:00-05:00,49.830238342285156
2023-11-20 12:30:00-05:00,49.878501892089844
2023-11-20 13:30:00-05:00,50.42399978637695
2023-11-20 14:30:00-05:00,50.397220611572266
2023-11-20 15:30:00-05:00,50.409000396728516
2023-11-21 09:30:00-05:00,49.28499984741211
2023-11-21 10:30:00-05:00,49.71900177001953
2023-11-21 11:30:00-05:00,49.652000427246094
2023-11-21 12:30:00-05:00,49.70100021362305
2023-11-21 13:30:00-05:00,50.05350112915039
2023-11-21 14:30:00-05:00,50.02300262451172
2023-11-21 15:30:00-05:00,49.9894905090332
2023-11-22 09:30:00-05:00,48.21900177001953
2023-11-22 10:30:00-05:00,48.249000549316406
2023-11-22 11:30:00-05:00,48.86800003051758
2023-11-22 12:30:00-05:00,49.19068145751953
2023-11-22 13:30:00-05:00,49.20600128173828
2023-11-22 14:30:00-05:00,48.78900146484375
2023-11-22 15:30:00-05:00,48.70650100708008
2023-11-24 09:30:00-05:00,48.028499603271484
2023-11-24 10:30:00-05:00,48.1609992980957
2023-11-24 11:30:00-05:00,48.0
2023-11-24 12:30:00-05:00,
2023-11-27 09:30:00-05:00,48.183990478515625
2023-11-27 10:30:00-05:00,47.97999954223633
2023-11-27 11:30:00-05:00,48.125
2023-11-27 12:30:00-05:00,48.404998779296875
2023-11-27 13:30:00-05:00,48.37000274658203
2023-11-27 14:30:00-05:00,48.35900115966797
2023-11-27 15:30:00-05:00,48.23400115966797
2023-11-28 09:30:00-05:00,47.707000732421875
2023-11-28 10:30:00-05:00,48.019500732421875
2023-11-28 11:30:00-05:00,48.054229736328125
2023-11-28 12:30:00-05:00,47.6870002746582
2023-11-28 13:30:00-05:00,47.6140022277832
2023-11-28 14:30:00-05:00,47.613990783691406
2023-11-28 15:30:00-05:00,47.82699966430664
2023-11-29 09:30:00-05:00,48.32500076293945
2023-11-29 10:30:00-05:00,47.97249984741211
2023-11-29 11:30:00-05:00,48.220001220703125
2023-11-29 12:30:00-05:00,48.19449996948242
2023-11-29 13:30:00-05:00,48.1510009765625
2023-11-29 14:30:00-05:00,48.0994987487793
2023-11-29 15:30:00-05:00,48.13500213623047
2023-11-30 09:30:00-05:00,47.38199996948242
2023-11-30 10:30:00-05:00,46.720001220703125
2023-11-30 11:30:00-05:00,46.67250061035156
2023-11-30 12:30:00-05:00,46.4890022277832
2023-11-30 13:30:00-05:00,46.58399963378906
2023-11-30 14:30:00-05:00,46.57500076293945
2023-11-30 15:30:00-05:00,46.78099822998047
2023-12-01 09:30:00-05:00,46.36800003051758
2023-12-01 10:30:00-05:00,46.849998474121094
2023-12-01 11:30:00-05:00,46.944000244140625
2023-12-01 12:30:00-05:00,46.89099884033203
2023-12-01 13:30:00-05:00,46.79949951171875
2023-12-01 14:30:00-05:00,46.82600021362305
2023-12-01 15:30:00-05:00,46.76000213623047
2023-12-04 09:30:00-05:00,45.28949737548828
2023-12-04 10:30:00-05:00,45.305999755859375
2023-12-04 11:30:00-05:00,45.60799026489258
2023-12-04 12:30:00-05:00,45.353851318359375
2023-12-04 13:30:00-05:00,45.26396942138672
2023-12-04 14:30:00-05:00,45.26362991333008
2023-12-04 15:30:00-05:00,45.512001037597656
2023-12-05 09:30:00-05:00,46.23400115966797
2023-12-05 10:30:00-05:00,46.04999923706055
2023-12-05 11:30:00-05:00,46.159141540527344
2023-12-05 12:30:00-05:00,46.140499114990234
2023-12-05 13:30:00-05:00,46.39899826049805
2023-12-05 14:30:00-05:00,46.328468322753906
2023-12-05 15:30:00-05:00,46.56800079345703
2023-12-06 09:30:00-05:00,46.444000244140625
2023-12-06 10:30:00-05:00,46.4073486328125
2023-12-06 11:30:00-05:00,46.37000274658203
2023-12-06 12:30:00-05:00,45.93550109863281
2023-12-06 13:30:00-05:00,45.804500579833984
2023-12-06 14:30:00-05:00,45.672142028808594
2023-12-06 15:30:00-05:00,45.5
2023-12-07 09:30:00-05:00,46.145999908447266
2023-12-07 10:30:00-05:00,46.173500061035156
2023-12-07 11:30:00-05:00,46.41299057006836
2023-12-07 12:30:00-05:00,46.35100173950195
2023-12-07 13:30:00-05:00,46.4840087890625
2023-12-07 14:30:00-05:00,46.42000198364258
2023-12-07 15:30:00-05:00,46.597999572753906
2023-12-08 09:30:00-05:00,47.56385040283203
2023-12-08 10:30:00-05:00,47.582340240478516
2023-12-08 11:30:00-05:00,47.45119094848633
2023-12-08 12:30:00-05:00,47.571998596191406
2023-12-08 13:30:00-05:00,47.676002502441406
2023-12-08 14:30:00-05:00,47.51350021362305
2023-12-08 15:30:00-05:00,47.507999420166016
2023-12-11 09:30:00-05:00,46.26000213623047
2023-12-11 10:30:00-05:00,46.02799987792969
2023-12-11 11:30:00-05:00,46.2239990234375
2023-12-11 12:30:00-05:00,46.54750061035156
2023-12-11 13:30:00-05:00,46.827030181884766
2023-12-11 14:30:00-05:00,46.54249954223633
2023-12-11 15:30:00-05:00,46.63800048828125
2023-12-12 09:30:00-05:00,47.00600051879883
2023-12-12 10:30:00-05:00,47.07024002075195
2023-12-12 11:30:00-05:00,46.88799285888672
2023-12-12 12:30:00-05:00,46.94350051879883
2023-12-12 13:30:00-05:00,47.24700164794922
2023-12-12 14:30:00-05:00,47.47699737548828
2023-12-12 15:30:00-05:00,47.65837860107422
2023-12-13 09:30:00-05:00,48.34049987792969
2023-12-13 10:30:00-05:00,48.275001525878906
2023-12-13 11:30:00-05:00,48.13500213623047
2023-12-13 12:30:00-05:00,47.86600112915039
2023-12-13 13:30:00-05:00,48.31999969482422
2023-12-13 14:30:00-05:00,47.98299789428711
2023-12-13 15:30:00-05:00,48.09000015258789
2023-12-14 09:30:00-05:00,48.13399887084961
2023-12-14 10:30:00-05:00,48.20738983154297
2023-12-14 11:30:00-05:00,48.22998809814453
2023-12-14 12:30:00-05:00,47.5629997253418
2023-12-14 13:30:00-05:00,48.03350067138672
2023-12-14 14:30:00-05:00,48.12000274658203
2023-12-14 15:30:00-05:00,48.349998474121094
2023-12-15 09:30:00-05:00,49.27300262451172
2023-12-15 10:30:00-05:00,49.13100051879883
2023-12-15 11:30:00-05:00,49.08753967285156
2023-12-15 12:30:00-05:00,49.2140007019043
2023-12-15 13:30:00-05:00,48.97200012207031
2023-12-15 14:30:00-05:00,48.96500015258789
2023-12-15 15:30:00-05:00,48.944000244140625
2023-12-18 09:30:00-05:00,49.972999572753906
2023-12-18 10:30:00-05:00,49.79500198364258
2023-12-18 11:30:00-05:00,49.81949996948242
2023-12-18 12:30:00-05:00,49.92000198364258
2023-12-18 13:30:00-05:00,50.275001525878906
2023-12-18 14:30:00-05:00,50.39400100708008
2023-12-18 15:30:00-05:00,50.08100128173828
2023-12-19 09:30:00-05:00,49.54999923706055
2023-12-19 10:30:00-05:00,49.13750076293945
2023-12-19 11:30:00-05:00,49.301998138427734
2023-12-19 12:30:00-05:00,49.163002014160156
2023-12-19 13:30:00-05:00,49.4630012512207
2023-12-19 14:30:00-05:00,49.5
2023-12-19 15:30:00-05:00,49.61289978027344
2023-12-20 09:30:00-05:00,49.74399948120117
2023-12-20 10:30:00-05:00,49.8120002746582
2023-12-20 11:30:00-05:00,49.77899932861328
2023-12-20 12:30:00-05:00,49.840999603271484
2023-12-20 13:30:00-05:00,49.478370666503906
2023-12-20 14:30:00-05:00,48.362998962402344
2023-12-20 15:30:00-05:00,48.11000061035156
2023-12-21 09:30:00-05:00,48.64200210571289
2023-12-21 10:30:00-05:00,48.7130012512207
2023-12-21 11:30:00-05:00,48.654998779296875
2023-12-21 12:30:00-05:00,48.55500030517578
2023-12-21 13:30:00-05:00,48.61199951171875
2023-12-21 14:30:00-05:00,48.91600036621094
2023-12-21 15:30:00-05:00,48.99700164794922
2023-12-22 09:30:00-05:00,49.2140007019043
2023-12-22 10:30:00-05:00,49.04500198364258
2023-12-22 11:30:00-05:00,48.95698928833008
2023-12-22 12:30:00-05:00,49.02799987792969
2023-12-22 13:30:00-05:00,48.57912826538086
2023-12-22 14:30:00-05:00,48.8120002746582
2023-12-22 15:30:00-05:00,48.82699966430664
2023-12-26 09:30:00-05:00,49.38557052612305
2023-12-26 10:30:00-05:00,49.32500076293945
2023-12-26 11:30:00-05:00,49.35062026977539
2023-12-26 12:30:00-05:00,49.349388122558594
2023-12-26 13:30:00-05:00,49.3341178894043
2023-12-26 14:30:00-05:00,49.45199966430664
2023-12-26 15:30:00-05:00,49.28099822998047
2023-12-27 09:30:00-05:00,49.1984977722168
2023-12-27 10:30:00-05:00,49.36227035522461
2023-12-27 11:30:00-05:00,49.40299987792969
2023-12-27 12:30:00-05:00,49.426002502441406
2023-12-27 13:30:00-05:00,49.41300964355469
2023-12-27 14:30:00-05:00,49.3738899230957
2023-12-27 15:30:00-05:00,49.420997619628906
2023-12-28 09:30:00-05:00,49.60300064086914
2023-12-28 10:30:00-05:00,49.65903854370117
2023-12-28 11:30:00-05:00,49.722999572753906
2023-12-28 12:30:00-05:00,49.762001037597656
2023-12-28 13:30:00-05:00,49.626041412353516
2023-12-28 14:30:00-05:00,49.52436065673828
2023-12-28 15:30:00-05:00,49.52000045776367
2023-12-29 09:30:00-05:00,49.8380012512207
2023-12-29 10:30:00-05:00,48.8120002746582
2023-12-29 11:30:00-05:00,48.98999786376953
2023-12-29 12:30:00-05:00,49.422828674316406
2023-12-29 13:30:00-05:00,49.78949737548828
2023-12-29 14:30:00-05:00,49.73400115966797
2023-12-29 15:30:00-05:00,49.5260009765625
2024-01-02 09:30:00-05:00,47.66699981689453
2024-01-02 10:30:00-05:00,48.11602020263672
2024-01-02 11:30:00-05:00,48.10852813720703
2024-01-02 12:30:00-05:00,48.185997009277344
2024-01-02 13:30:00-05:00,48.1879997253418
2024-01-02 14:30:00-05:00,47.88399887084961
2024-01-02 15:30:00-05:00,48.185001373291016
2024-01-03 09:30:00-05:00,47.49448776245117
2024-01-03 10:30:00-05:00,47.751502990722656
2024-01-03 11:30:00-05:00,47.773990631103516
2024-01-03 12:30:00-05:00,47.62432861328125
2024-01-03 13:30:00-05:00,47.69300079345703
2024-01-03 14:30:00-05:00,47.652000427246094
2024-01-03 15:30:00-05:00,47.56999969482422
2024-01-04 09:30:00-05:00,47.95499801635742
2024-01-04 10:30:00-05:00,48.305660247802734
2024-01-04 11:30:00-05:00,48.26900100708008
2024-01-04 12:30:00-05:00,48.279998779296875
2024-01-04 13:30:00-05:00,48.14400100708008
2024-01-04 14:30:00-05:00,48.19586944580078
2024-01-04 15:30:00-05:00,47.99399948120117
2024-01-05 09:30:00-05:00,48.95199966430664
2024-01-05 10:30:00-05:00,49.38750076293945
2024-01-05 11:30:00-05:00,49.04125213623047
2024-01-05 12:30:00-05:00,49.15599822998047
2024-01-05 13:30:00-05:00,49.209938049316406
2024-01-05 14:30:00-05:00,48.868499755859375
2024-01-05 15:30:00-05:00,49.09000015258789
2024-01-08 09:30:00-05:00,51.32600021362305
2024-01-08 10:30:00-05:00,51.28200149536133
2024-01-08 11:30:00-05:00,51.18626022338867
2024-01-08 12:30:00-05:00,51.512001037597656
2024-01-08 13:30:00-05:00,51.7400016784668
2024-01-08 14:30:00-05:00,51.8703498840332
2024-01-08 15:30:00-05:00,52.25499725341797
2024-01-09 09:30:00-05:00,52.4736328125
2024-01-09 10:30:00-05:00,52.8599967956543
2024-01-09 11:30:00-05:00,53.42158126831055
2024-01-09 12:30:00-05:00,53.87080001831055
2024-01-09 13:30:00-05:00,53.974998474121094
2024-01-09 14:30:00-05:00,53.5584716796875
2024-01-09 15:30:00-05:00,53.13100051879883
2024-01-10 09:30:00-05:00,54.14899444580078
2024-01-10 10:30:00-05:00,54.31049728393555
2024-01-10 11:30:00-05:00,54.19199752807617
2024-01-10 12:30:00-05:00,54.2130012512207
2024-01-10 13:30:00-05:00,54.211997985839844
2024-01-10 14:30:00-05:00,54.21149826049805
2024-01-10 15:30:00-05:00,54.349998474121094
2024-01-11 09:30:00-05:00,54.51850128173828
2024-01-11 10:30:00-05:00,53.855010986328125
2024-01-11 11:30:00-05:00,54.132598876953125
2024-01-11 12:30:00-05:00,54.93300247192383
2024-01-11 13:30:00-05:00,54.91899871826172
2024-01-11 14:30:00-05:00,54.87662887573242
2024-01-11 15:30:00-05:00,54.82999801635742
2024-01-12 09:30:00-05:00,54.737998962402344
2024-01-12 10:30:00-05:00,54.69501876831055
2024-01-12 11:30:00-05:00,54.6140022277832
2024-01-12 12:30:00-05:00,54.63005828857422
2024-01-12 13:30:00-05:00,54.747772216796875
2024-01-12 14:30:00-05:00,54.6250114440918
2024-01-12 15:30:00-05:00,54.70800018310547
2024-01-16 09:30:00-05:00,56.05500030517578
2024-01-16 10:30:00-05:00,56.56928634643555
2024-01-16 11:30:00-05:00,56.230987548828125
2024-01-16 12:30:00-05:00,56.367042541503906
2024-01-16 13:30:00-05:00,56.185997009277344
2024-01-16 14:30:00-05:00,56.105377197265625
2024-01-16 15:30:00-05:00,56.400001525878906
2024-01-17 09:30:00-05:00,55.41599655151367
2024-01-17 10:30:00-05:00,55.888999938964844
2024-01-17 11:30:00-05:00,55.635498046875
2024-01-17 12:30:00-05:00,55.61949920654297
2024-01-17 13:30:00-05:00,56.04362869262695
2024-01-17 14:30:00-05:00,55.72150802612305
2024-01-17 15:30:00-05:00,56.051002502441406
2024-01-18 09:30:00-05:00,57.17000198364258
2024-01-18 10:30:00-05:00,57.52100372314453
2024-01-18 11:30:00-05:00,57.01599884033203
2024-01-18 12:30:00-05:00,56.28166961669922
2024-01-18 13:30:00-05:00,56.96799850463867
2024-01-18 14:30:00-05:00,56.944000244140625
2024-01-18 15:30:00-05:00,57.09821319580078
2024-01-19 09:30:00-05:00,57.89299774169922
2024-01-19 10:30:00-05:00,58.24199676513672
2024-01-19 11:30:00-05:00,58.8849983215332
2024-01-19 12:30:00-05:00,58.987998962402344
2024-01-19 13:30:00-05:00,58.97130584716797
2024-01-19 14:30:00-05:00,59.14600372314453
2024-01-19 15:30:00-05:00,59.5
2024-01-22 09:30:00-05:00,59.251502990722656
2024-01-22 10:30:00-05:00,59.939537048339844
2024-01-22 11:30:00-05:00,59.85900115966797
2024-01-22 12:30:00-05:00,59.76649856567383
2024-01-22 13:30:00-05:00,59.94350051879883
2024-01-22 14:30:00-05:00,59.9844970703125
2024-01-22 15:30:00-05:00,59.665000915527344
2024-01-23 09:30:00-05:00,59.42000198364258
2024-01-23 10:30:00-05:00,59.486000061035156
2024-01-23 11:30:00-05:00,59.487998962402344
2024-01-23 12:30:00-05:00,59.5724983215332
2024-01-23 13:30:00-05:00,59.37764358520508
2024-01-23 14:30:00-05:00,59.709999084472656
2024-01-23 15:30:00-05:00,59.871002197265625
2024-01-24 09:30:00-05:00,61.9043083190918
2024-01-24 10:30:00-05:00,61.63800048828125
2024-01-24 11:30:00-05:00,62.13750076293945
2024-01-24 12:30:00-05:00,62.659996032714844
2024-01-24 13:30:00-05:00,61.78850173950195
2024-01-24 14:30:00-05:00,61.22700119018555
2024-01-24 15:30:00-05:00,61.35700225830078
2024-01-25 09:30:00-05:00,62.60041046142578
2024-01-25 10:30:00-05:00,62.3900032043457
2024-01-25 11:30:00-05:00,61.92499923706055
2024-01-25 12:30:00-05:00,61.527503967285156
2024-01-25 13:30:00-05:00,61.2760009765625
2024-01-25 14:30:00-05:00,61.551002502441406
2024-01-25 15:30:00-05:00,61.64400100708008
2024-01-26 09:30:00-05:00,61.3830680847168
2024-01-26 10:30:00-05:00,61.374000549316406
2024-01-26 11:30:00-05:00,61.29664993286133
2024-01-26 12:30:00-05:00,61.11124801635742
2024-01-26 13:30:00-05:00,61.007362365722656
2024-01-26 14:30:00-05:00,61.08599853515625
2024-01-26 15:30:00-05:00,61.029998779296875
2024-01-29 09:30:00-05:00,61.73834228515625
2024-01-29 10:30:00-05:00,61.464599609375
2024-01-29 11:30:00-05:00,61.6150016784668
2024-01-29 12:30:00-05:00,61.60999298095703
2024-01-29 13:30:00-05:00,61.935638427734375
2024-01-29 14:30:00-05:00,62.371253967285156
2024-01-29 15:30:00-05:00,62.472999572753906
2024-01-30 09:30:00-05:00,63.271995544433594
2024-01-30 10:30:00-05:00,63.07899856567383
2024-01-30 11:30:00-05:00,62.8738899230957
2024-01-30 12:30:00-05:00,62.66699981689453
2024-01-30 13:30:00-05:00,62.65095138549805
2024-01-30 14:30:00-05:00,62.92960739135742
2024-01-30 15:30:00-05:00,62.75300216674805
2024-01-31 09:30:00-05:00,61.22100067138672
2024-01-31 10:30:00-05:00,61.28900146484375
2024-01-31 11:30:00-05:00,61.652000427246094
2024-01-31 12:30:00-05:00,61.375999450683594
2024-01-31 13:30:00-05:00,61.577064514160156
2024-01-31 14:30:00-05:00,61.7130012512207
2024-01-31 15:30:00-05:00,61.500999450683594
2024-02-01 09:30:00-05:00,62.3089714050293
2024-02-01 10:30:00-05:00,61.912559509277344
2024-02-01 11:30:00-05:00,62.40700149536133
2024-02-01 12:30:00-05:00,62.678001403808594
2024-02-01 13:30:00-05:00,62.821998596191406
2024-02-01 14:30:00-05:00,63.09450149536133
2024-02-01 15:30:00-05:00,63.034996032714844
2024-02-02 09:30:00-05:00,65.06800079345703
2024-02-02 10:30:00-05:00,65.39240264892578
2024-02-02 11:30:00-05:00,66.5719985961914
2024-02-02 12:30:00-05:00,65.98350524902344
2024-02-02 13:30:00-05:00,66.1500015258789
2024-02-02 14:30:00-05:00,66.0885009765625
2024-02-02 15:30:00-05:00,66.1500015258789
2024-02-05 09:30:00-05:00,68.15972900390625
2024-02-05 10:30:00-05:00,68.13899993896484
2024-02-05 11:30:00-05:00,68.96099853515625
2024-02-05 12:30:00-05:00,68.88249969482422
2024-02-05 13:30:00-05:00,68.95050048828125
2024-02-05 14:30:00-05:00,68.760009765625
2024-02-05 15:30:00-05:00,69.31800079345703
2024-02-06 09:30:00-05:00,67.93318176269531
2024-02-06 10:30:00-05:00,67.96379089355469
2024-02-06 11:30:00-05:00,66.84220123291016
2024-02-06 12:30:00-05:00,66.93270111083984
2024-02-06 13:30:00-05:00,67.53099822998047
2024-02-06 14:30:00-05:00,68.15501403808594
2024-02-06 15:30:00-05:00,68.21900177001953
2024-02-07 09:30:00-05:00,69.27799987792969
2024-02-07 10:30:00-05:00,68.8530044555664
2024-02-07 11:30:00-05:00,69.15584564208984
2024-02-07 12:30:00-05:00,69.45349884033203
2024-02-07 13:30:00-05:00,69.4010009765625
2024-02-07 14:30:00-05:00,70.17598724365234
2024-02-07 15:30:00-05:00,70.11599731445312
2024-02-08 09:30:00-05:00,69.85399627685547
2024-02-08 10:30:00-05:00,70.36830139160156
2024-02-08 11:30:00-05:00,70.26509857177734
2024-02-08 12:30:00-05:00,70.44099426269531
2024-02-08 13:30:00-05:00,69.96199798583984
2024-02-08 14:30:00-05:00,69.9000015258789
2024-02-08 15:30:00-05:00,69.63999938964844
2024-02-09 09:30:00-05:00,71.11699676513672
2024-02-09 10:30:00-05:00,71.43449401855469
2024-02-09 11:30:00-05:00,71.6364974975586
2024-02-09 12:30:00-05:00,71.77050018310547
2024-02-09 13:30:00-05:00,71.95598602294922
2024-02-09 14:30:00-05:00,71.93400573730469
2024-02-09 15:30:00-05:00,72.13099670410156
2024-02-12 09:30:00-05:00,73.13642883300781
2024-02-12 10:30:00-05:00,74.04798126220703
2024-02-12 11:30:00-05:00,73.59041595458984
2024-02-12 12:30:00-05:00,72.73200225830078
2024-02-12 13:30:00-05:00,72.15553283691406
2024-02-12 14:30:00-05:00,72.54000091552734
2024-02-12 15:30:00-05:00,72.29199981689453
2024-02-13 09:30:00-05:00,72.42500305175781
2024-02-13 10:30:00-05:00,73.09000396728516
2024-02-13 11:30:00-05:00,72.36000061035156
2024-02-13 12:30:00-05:00,72.33300018310547
2024-02-13 13:30:00-05:00,72.09700012207031
2024-02-13 14:30:00-05:00,71.61557006835938
2024-02-13 15:30:00-05:00,72.19000244140625
2024-02-14 09:30:00-05:00,74.11000061035156
2024-02-14 10:30:00-05:00,72.51994323730469
2024-02-14 11:30:00-05:00,72.86665344238281
2024-02-14 12:30:00-05:00,72.89199829101562
2024-02-14 13:30:00-05:00,73.09211730957031
2024-02-14 14:30:00-05:00,73.39875030517578
2024-02-14 15:30:00-05:00,73.85499572753906
2024-02-15 09:30:00-05:00,73.06999969482422
2024-02-15 10:30:00-05:00,73.12100219726562
2024-02-15 11:30:00-05:00,73.1469955444336
2024-02-15 12:30:00-05:00,73.30400085449219
2024-02-15 13:30:00-05:00,73.20899963378906
2024-02-15 14:30:00-05:00,72.8530044555664
2024-02-15 15:30:00-05:00,72.65699768066406
2024-02-16 09:30:00-05:00,73.23600006103516
2024-02-16 10:30:00-05:00,73.84000396728516
2024-02-16 11:30:00-05:00,73.90399932861328
2024-02-16 12:30:00-05:00,73.26950073242188
2024-02-16 13:30:00-05:00,73.78788757324219
2024-02-16 14:30:00-05:00,73.35600280761719
2024-02-16 15:30:00-05:00,72.60050201416016
2024-02-20 09:30:00-05:00,68.3655014038086
2024-02-20 10:30:00-05:00,68.64299774169922
2024-02-20 11:30:00-05:00,68.30000305175781
2024-02-20 12:30:00-05:00,68.27650451660156
2024-02-20 13:30:00-05:00,68.63325500488281
2024-02-20 14:30:00-05:00,69.18560028076172
2024-02-20 15:30:00-05:00,69.45700073242188
2024-02-21 09:30:00-05:00,67.91200256347656
2024-02-21 10:30:00-05:00,68.07099914550781
2024-02-21 11:30:00-05:00,67.13029479980469
2024-02-21 12:30:00-05:00,67.01100158691406
2024-02-21 13:30:00-05:00,66.82050323486328
2024-02-21 14:30:00-05:00,66.86949920654297
2024-02-21 15:30:00-05:00,67.49500274658203
2024-02-22 09:30:00-05:00,77.74949645996094
2024-02-22 10:30:00-05:00,77.64600372314453
2024-02-22 11:30:00-05:00,77.46820068359375
2024-02-22 12:30:00-05:00,77.3969955444336
2024-02-22 13:30:00-05:00,77.90349578857422
2024-02-22 14:30:00-05:00,78.1729965209961
2024-02-22 15:30:00-05:00,78.5270004272461
2024-02-23 09:30:00-05:00,79.69999694824219
2024-02-23 10:30:00-05:00,79.12800598144531
2024-02-23 11:30:00-05:00,79.60786437988281
2024-02-23 12:30:00-05:00,80.06099700927734
2024-02-23 13:30:00-05:00,79.677001953125
2024-02-23 14:30:00-05:00,78.8239974975586
2024-02-23 15:30:00-05:00,78.81599426269531
2024-02-26 09:30:00-05:00,79.82600402832031
2024-02-26 10:30:00-05:00,79.95405578613281
2024-02-26 11:30:00-05:00,80.10850524902344
2024-02-26 12:30:00-05:00,79.86213684082031
2024-02-26 13:30:00-05:00,79.51100158691406
2024-02-26 14:30:00-05:00,79.17999267578125
2024-02-26 15:30:00-05:00,79.09110260009766
2024-02-27 09:30:00-05:00,78.61900329589844
2024-02-27 10:30:00-05:00,78.61000061035156
2024-02-27 11:30:00-05:00,79.1729965209961
2024-02-27 12:30:00-05:00,79.16768646240234
2024-02-27 13:30:00-05:00,79.12200927734375
2024-02-27 14:30:00-05:00,79.1030044555664
2024-02-27 15:30:00-05:00,78.69999694824219
2024-02-28 09:30:00-05:00,77.33599853515625
2024-02-28 10:30:00-05:00,78.22894287109375
2024-02-28 11:30:00-05:00,78.4020004272461
2024-02-28 12:30:00-05:00,78.4155044555664
2024-02-28 13:30:00-05:00,78.19000244140625
2024-02-28 14:30:00-05:00,78.21500396728516
2024-02-28 15:30:00-05:00,77.67900085449219
2024-02-29 09:30:00-05:00,79.3489990234375
2024-02-29 10:30:00-05:00,79.00199890136719
2024-02-29 11:30:00-05:00,78.90900421142578
2024-02-29 12:30:00-05:00,79.36399841308594
2024-02-29 13:30:00-05:00,79.3280029296875
2024-02-29 14:30:00-05:00,79.31300354003906
2024-02-29 15:30:00-05:00,79.21800231933594
2024-03-01 09:30:00-05:00,80.7755355834961
2024-03-01 10:30:00-05:00,81.96400451660156
2024-03-01 11:30:00-05:00,81.7655029296875
2024-03-01 12:30:00-05:00,81.77239990234375
2024-03-01 13:30:00-05:00,82.13145446777344
2024-03-01 14:30:00-05:00,81.99800109863281
2024-03-01 15:30:00-05:00,82.29299926757812
2024-03-04 09:30:00-05:00,84.8280029296875
2024-03-04 10:30:00-05:00,85.2161636352539
2024-03-04 11:30:00-05:00,86.03300476074219
2024-03-04 12:30:00-05:00,86.61299896240234
2024-03-04 13:30:00-05:00,87.14399719238281
2024-03-04 14:30:00-05:00,86.63704681396484
2024-03-04 15:30:00-05:00,85.2509994506836
2024-03-05 09:30:00-05:00,84.19999694824219
2024-03-05 10:30:00-05:00,84.63098907470703
2024-03-05 11:30:00-05:00,85.30772399902344
2024-03-05 12:30:00-05:00,84.80000305175781
2024-03-05 13:30:00-05:00,85.02400207519531
2024-03-05 14:30:00-05:00,84.74019622802734
2024-03-05 15:30:00-05:00,85.99400329589844
2024-03-06 09:30:00-05:00,88.2719955444336
2024-03-06 10:30:00-05:00,88.38899993896484
2024-03-06 11:30:00-05:00,88.78300476074219
2024-03-06 12:30:00-05:00,89.4530029296875
2024-03-06 13:30:00-05:00,89.29100036621094
2024-03-06 14:30:00-05:00,88.30064392089844
2024-03-06 15:30:00-05:00,88.74449920654297
2024-03-07 09:30:00-05:00,91.55274963378906
2024-03-07 10:30:00-05:00,92.14381408691406
2024-03-07 11:30:00-05:00,91.70899963378906
2024-03-07 12:30:00-05:00,91.87117767333984
2024-03-07 13:30:00-05:00,92.37026977539062
2024-03-07 14:30:00-05:00,92.20500946044922
2024-03-07 15:30:00-05:00,92.67399597167969
2024-03-08 09:30:00-05:00,97.20999908447266
2024-03-08 10:30:00-05:00,90.497802734375
2024-03-08 11:30:00-05:00,89.57905578613281
2024-03-08 12:30:00-05:00,87.60600280761719
2024-03-08 13:30:00-05:00,88.14099884033203
2024-03-08 14:30:00-05:00,88.05574798583984
2024-03-08 15:30:00-05:00,87.50199890136719
2024-03-11 09:30:00-04:00,87.07600402832031
2024-03-11 10:30:00-04:00,86.71800231933594
2024-03-11 11:30:00-04:00,86.91099548339844
2024-03-11 12:30:00-04:00,86.73445129394531
2024-03-11 13:30:00-04:00,86.40900421142578
2024-03-11 14:30:00-04:00,85.54618072509766
2024-03-11 15:30:00-04:00,85.79199981689453
2024-03-12 09:30:00-04:00,88.57979583740234
2024-03-12 10:30:00-04:00,91.08297729492188
2024-03-12 11:30:00-04:00,90.4625015258789
2024-03-12 12:30:00-04:00,89.9375
2024-03-12 13:30:00-04:00,90.31950378417969
2024-03-12 14:30:00-04:00,90.54750061035156
2024-03-12 15:30:00-04:00,91.93800354003906
2024-03-13 09:30:00-04:00,89.06492614746094
2024-03-13 10:30:00-04:00,88.9260025024414
2024-03-13 11:30:00-04:00,89.03150177001953
2024-03-13 12:30:00-04:00,90.33200073242188
2024-03-13 13:30:00-04:00,90.31649780273438
2024-03-13 14:30:00-04:00,90.62000274658203
2024-03-13 15:30:00-04:00,90.9260025024414
2024-03-14 09:30:00-04:00,88.67949676513672
2024-03-14 10:30:00-04:00,87.82249450683594
2024-03-14 11:30:00-04:00,87.57749938964844
2024-03-14 12:30:00-04:00,87.19672393798828
2024-03-14 13:30:00-04:00,88.16950225830078
2024-03-14 14:30:00-04:00,87.39199829101562
2024-03-14 15:30:00-04:00,88.03599548339844
2024-03-15 09:30:00-04:00,88.43250274658203
2024-03-15 10:30:00-04:00,89.20399475097656
2024-03-15 11:30:00-04:00,88.64199829101562
2024-03-15 12:30:00-04:00,88.8239974975586
2024-03-15 13:30:00-04:00,89.11000061035156
2024-03-15 14:30:00-04:00,88.56956481933594
2024-03-15 15:30:00-04:00,87.83650207519531
2024-03-18 09:30:00-04:00,90.70479583740234
2024-03-18 10:30:00-04:00,88.69239044189453
2024-03-18 11:30:00-04:00,88.37750244140625
2024-03-18 12:30:00-04:00,88.17298889160156
2024-03-18 13:30:00-04:00,88.85731506347656
2024-03-18 14:30:00-04:00,88.64659881591797
2024-03-18 15:30:00-04:00,88.45999908447266
2024-03-19 09:30:00-04:00,85.53942108154297
2024-03-19 10:30:00-04:00,86.88400268554688
2024-03-19 11:30:00-04:00,88.12849426269531
2024-03-19 12:30:00-04:00,89.15999603271484
2024-03-19 13:30:00-04:00,89.90049743652344
2024-03-19 14:30:00-04:00,88.53599548339844
2024-03-19 15:30:00-04:00,89.4000015258789
2024-03-20 09:30:00-04:00,89.30899047851562
2024-03-20 10:30:00-04:00,88.82899475097656
2024-03-20 11:30:00-04:00,88.5250015258789
2024-03-20 12:30:00-04:00,88.4469985961914
2024-03-20 13:30:00-04:00,89.76856994628906
2024-03-20 14:30:00-04:00,90.08100128173828
2024-03-20 15:30:00-04:00,90.35250091552734
2024-03-21 09:30:00-04:00,91.19999694824219
2024-03-21 10:30:00-04:00,91.9260025024414
2024-03-21 11:30:00-04:00,92.34162902832031
2024-03-21 12:30:00-04:00,92.18900299072266
2024-03-21 13:30:00-04:00,91.69600677490234
2024-03-21 14:30:00-04:00,91.54838562011719
2024-03-21 15:30:00-04:00,91.38099670410156
2024-03-22 09:30:00-04:00,92.81400299072266
2024-03-22 10:30:00-04:00,93.64130401611328
2024-03-22 11:30:00-04:00,94.40299987792969
2024-03-22 12:30:00-04:00,94.50399780273438
2024-03-22 13:30:00-04:00,94.39598846435547
2024-03-22 14:30:00-04:00,93.68766784667969
2024-03-22 15:30:00-04:00,94.24500274658203
2024-03-25 09:30:00-04:00,96.11865997314453
2024-03-25 10:30:00-04:00,95.77899932861328
2024-03-25 11:30:00-04:00,95.06099700927734
2024-03-25 12:30:00-04:00,95.6989974975586
2024-03-25 13:30:00-04:00,95.94550323486328
2024-03-25 14:30:00-04:00,95.44200134277344
2024-03-25 15:30:00-04:00,95.0
2024-03-26 09:30:00-04:00,94.27574157714844
2024-03-26 10:30:00-04:00,94.84068298339844
2024-03-26 11:30:00-04:00,94.37319946289062
2024-03-26 12:30:00-04:00,94.47249603271484
2024-03-26 13:30:00-04:00,94.92100524902344
2024-03-26 14:30:00-04:00,94.04000091552734
2024-03-26 15:30:00-04:00,92.572998046875
2024-03-27 09:30:00-04:00,89.99299621582031
2024-03-27 10:30:00-04:00,89.56999969482422
2024-03-27 11:30:00-04:00,90.19300079345703
2024-03-27 12:30:00-04:00,90.1700210571289
2024-03-27 13:30:00-04:00,90.27050018310547
2024-03-27 14:30:00-04:00,89.59099578857422
2024-03-27 15:30:00-04:00,90.25599670410156
2024-03-28 09:30:00-04:00,90.56538391113281
2024-03-28 10:30:00-04:00,90.67118835449219
2024-03-28 11:30:00-04:00,90.63300323486328
2024-03-28 12:30:00-04:00,90.59099578857422
2024-03-28 13:30:00-04:00,90.38300323486328
2024-03-28 14:30:00-04:00,90.4348373413086
2024-03-28 15:30:00-04:00,90.31700134277344
2024-04-01 09:30:00-04:00,91.34461212158203
2024-04-01 10:30:00-04:00,89.98200225830078
2024-04-01 11:30:00-04:00,89.87899780273438
2024-04-01 12:30:00-04:00,89.90499877929688
2024-04-01 13:30:00-04:00,90.14299774169922
2024-04-01 14:30:00-04:00,89.98649597167969
2024-04-01 15:30:00-04:00,90.37199401855469
2024-04-02 09:30:00-04:00,88.0260009765625
2024-04-02 10:30:00-04:00,89.3759994506836
2024-04-02 11:30:00-04:00,89.12199401855469
2024-04-02 12:30:00-04:00,89.6469955444336
2024-04-02 13:30:00-04:00,89.5479965209961
2024-04-02 14:30:00-04:00,89.3216781616211
2024-04-02 15:30:00-04:00,89.4469985961914
2024-04-03 09:30:00-04:00,90.16300201416016
2024-04-03 10:30:00-04:00,90.18599700927734
2024-04-03 11:30:00-04:00,89.6236572265625
2024-04-03 12:30:00-04:00,90.03895568847656
2024-04-03 13:30:00-04:00,89.8479995727539
2024-04-03 14:30:00-04:00,89.13700103759766
2024-04-03 15:30:00-04:00,88.96199798583984
2024-04-04 09:30:00-04:00,89.80799865722656
2024-04-04 10:30:00-04:00,89.46599578857422
2024-04-04 11:30:00-04:00,89.65950012207031
2024-04-04 12:30:00-04:00,89.46649932861328
2024-04-04 13:30:00-04:00,88.16999816894531
2024-04-04 14:30:00-04:00,86.46599578857422
2024-04-04 15:30:00-04:00,85.9020004272461
2024-04-05 09:30:00-04:00,86.7770004272461
2024-04-05 10:30:00-04:00,87.50999450683594
2024-04-05 11:30:00-04:00,88.04899597167969
2024-04-05 12:30:00-04:00,88.15900421142578
2024-04-05 13:30:00-04:00,87.68949890136719
2024-04-05 14:30:00-04:00,87.73249816894531
2024-04-05 15:30:00-04:00,87.97999572753906
2024-04-08 09:30:00-04:00,87.80000305175781
2024-04-08 10:30:00-04:00,87.60700225830078
2024-04-08 11:30:00-04:00,86.99549865722656
2024-04-08 12:30:00-04:00,87.25900268554688
2024-04-08 13:30:00-04:00,87.2239990234375
2024-04-08 14:30:00-04:00,87.25749969482422
2024-04-08 15:30:00-04:00,87.18800354003906
2024-04-09 09:30:00-04:00,84.41700744628906
2024-04-09 10:30:00-04:00,83.97698974609375
2024-04-09 11:30:00-04:00,84.66099548339844
2024-04-09 12:30:00-04:00,84.62899780273438
2024-04-09 13:30:00-04:00,84.61299896240234
2024-04-09 14:30:00-04:00,84.9520034790039
2024-04-09 15:30:00-04:00,85.36399841308594
2024-04-10 09:30:00-04:00,86.56199645996094
2024-04-10 10:30:00-04:00,86.96900177001953
2024-04-10 11:30:00-04:00,86.53300476074219
2024-04-10 12:30:00-04:00,86.82499694824219
2024-04-10 13:30:00-04:00,86.64948272705078
2024-04-10 14:30:00-04:00,86.9072036743164
2024-04-10 15:30:00-04:00,86.98400115966797
2024-04-11 09:30:00-04:00,88.04249572753906
2024-04-11 10:30:00-04:00,88.7380599975586
2024-04-11 11:30:00-04:00,89.19987487792969
2024-04-11 12:30:00-04:00,89.78700256347656
2024-04-11 13:30:00-04:00,90.19020080566406
2024-04-11 14:30:00-04:00,90.18099975585938
2024-04-11 15:30:00-04:00,90.61599731445312
2024-04-12 09:30:00-04:00,89.21638488769531
2024-04-12 10:30:00-04:00,89.25617980957031
2024-04-12 11:30:00-04:00,88.7249984741211
2024-04-12 12:30:00-04:00,88.56500244140625
2024-04-12 13:30:00-04:00,88.30598449707031
2024-04-12 14:30:00-04:00,87.9621810913086
2024-04-12 15:30:00-04:00,88.22999572753906
2024-04-15 09:30:00-04:00,89.93444061279297
2024-04-15 10:30:00-04:00,88.68000030517578
2024-04-15 11:30:00-04:00,88.30626678466797
2024-04-15 12:30:00-04:00,86.85700225830078
2024-04-15 13:30:00-04:00,86.81400299072266
2024-04-15 14:30:00-04:00,86.02580261230469
2024-04-15 15:30:00-04:00,86.0009994506836
2024-04-16 09:30:00-04:00,87.08200073242188
2024-04-16 10:30:00-04:00,87.43350982666016
2024-04-16 11:30:00-04:00,86.9990005493164
2024-04-16 12:30:00-04:00,87.46492004394531
2024-04-16 13:30:00-04:00,87.33250427246094
2024-04-16 14:30:00-04:00,87.83850860595703
2024-04-16 15:30:00-04:00,87.41389465332031
2024-04-17 09:30:00-04:00,86.69200134277344
2024-04-17 10:30:00-04:00,86.1760025024414
2024-04-17 11:30:00-04:00,85.13800048828125
2024-04-17 12:30:00-04:00,85.03300476074219
2024-04-17 13:30:00-04:00,85.20700073242188
2024-04-17 14:30:00-04:00,84.10050201416016
2024-04-17 15:30:00-04:00,84.04499816894531
2024-04-18 09:30:00-04:00,84.58888244628906
2024-04-18 10:30:00-04:00,85.47100067138672
2024-04-18 11:30:00-04:00,86.02610778808594
2024-04-18 12:30:00-04:00,84.6520004272461
2024-04-18 13:30:00-04:00,84.65499877929688
2024-04-18 14:30:00-04:00,84.6780014038086
2024-04-18 15:30:00-04:00,84.65800476074219
2024-04-19 09:30:00-04:00,81.93049621582031
2024-04-19 10:30:00-04:00,81.86849975585938
2024-04-19 11:30:00-04:00,80.2249984741211
2024-04-19 12:30:00-04:00,80.36399841308594
2024-04-19 13:30:00-04:00,78.18800354003906
2024-04-19 14:30:00-04:00,76.94400024414062
2024-04-19 15:30:00-04:00,76.21500396728516
2024-04-22 09:30:00-04:00,77.14099884033203
2024-04-22 10:30:00-04:00,77.87800598144531
2024-04-22 11:30:00-04:00,78.48400115966797
2024-04-22 12:30:00-04:00,79.47100067138672
2024-04-22 13:30:00-04:00,79.63800048828125
2024-04-22 14:30:00-04:00,79.46199798583984
2024-04-22 15:30:00-04:00,79.50999450683594
2024-04-23 09:30:00-04:00,82.38870239257812
2024-04-23 10:30:00-04:00,82.43900299072266
2024-04-23 11:30:00-04:00,82.1520004272461
2024-04-23 12:30:00-04:00,81.8759994506836
2024-04-23 13:30:00-04:00,82.5780029296875
2024-04-23 14:30:00-04:00,82.6259994506836
2024-04-23 15:30:00-04:00,82.47689819335938
2024-04-24 09:30:00-04:00,82.97999572753906
2024-04-24 10:30:00-04:00,81.9780044555664
2024-04-24 11:30:00-04:00,80.7094955444336
2024-04-24 12:30:00-04:00,81.47395324707031
2024-04-24 13:30:00-04:00,80.03254699707031
2024-04-24 14:30:00-04:00,79.85600280761719
2024-04-24 15:30:00-04:00,79.69999694824219
2024-04-25 09:30:00-04:00,81.99699401855469
2024-04-25 10:30:00-04:00,81.6538314819336
2024-04-25 11:30:00-04:00,82.06700134277344
2024-04-25 12:30:00-04:00,82.44450378417969
2024-04-25 13:30:00-04:00,82.56800079345703
2024-04-25 14:30:00-04:00,82.9384994506836
2024-04-25 15:30:00-04:00,82.60099792480469
2024-04-26 09:30:00-04:00,86.21699523925781
2024-04-26 10:30:00-04:00,86.99864196777344
2024-04-26 11:30:00-04:00,87.01530456542969
2024-04-26 12:30:00-04:00,88.1476821899414
2024-04-26 13:30:00-04:00,87.5739974975586
2024-04-26 14:30:00-04:00,87.80699920654297
2024-04-26 15:30:00-04:00,87.69000244140625
2024-04-29 09:30:00-04:00,87.35466003417969
2024-04-29 10:30:00-04:00,86.9990005493164
2024-04-29 11:30:00-04:00,87.10786437988281
2024-04-29 12:30:00-04:00,87.90449523925781
2024-04-29 13:30:00-04:00,87.5875015258789
2024-04-29 14:30:00-04:00,87.08698272705078
2024-04-29 15:30:00-04:00,87.74699401855469
2024-04-30 09:30:00-04:00,87.489501953125
2024-04-30 10:30:00-04:00,87.49600219726562
2024-04-30 11:30:00-04:00,87.3499984741211
2024-04-30 12:30:00-04:00,86.61199951171875
2024-04-30 13:30:00-04:00,86.70700073242188
2024-04-30 14:30:00-04:00,87.03675079345703
2024-04-30 15:30:00-04:00,86.37000274658203
2024-05-01 09:30:00-04:00,83.75199890136719
2024-05-01 10:30:00-04:00,82.71049499511719
2024-05-01 11:30:00-04:00,82.25399780273438
2024-05-01 12:30:00-04:00,82.09899139404297
2024-05-01 13:30:00-04:00,83.75
2024-05-01 14:30:00-04:00,85.03599548339844
2024-05-01 15:30:00-04:00,83.0979995727539
2024-05-02 09:30:00-04:00,84.25050354003906
2024-05-02 10:30:00-04:00,84.63400268554688
2024-05-02 11:30:00-04:00,84.72000122070312
2024-05-02 12:30:00-04:00,85.48600006103516
2024-05-02 13:30:00-04:00,85.28900146484375
2024-05-02 14:30:00-04:00,86.0155029296875
2024-05-02 15:30:00-04:00,85.81599426269531
2024-05-03 09:30:00-04:00,87.86199951171875
2024-05-03 10:30:00-04:00,88.02458953857422
2024-05-03 11:30:00-04:00,88.54100036621094
2024-05-03 12:30:00-04:00,88.8239974975586
2024-05-03 13:30:00-04:00,89.12199401855469
2024-05-03 14:30:00-04:00,88.86299896240234
2024-05-03 15:30:00-04:00,88.78700256347656
2024-05-06 09:30:00-04:00,91.23839569091797
2024-05-06 10:30:00-04:00,91.71400451660156
2024-05-06 11:30:00-04:00,91.60399627685547
2024-05-06 12:30:00-04:00,91.71299743652344
2024-05-06 13:30:00-04:00,91.92150115966797
2024-05-06 14:30:00-04:00,91.97999572753906
2024-05-06 15:30:00-04:00,92.16099548339844
2024-05-07 09:30:00-04:00,89.73600006103516
2024-05-07 10:30:00-04:00,90.427001953125
2024-05-07 11:30:00-04:00,91.3969955444336
2024-05-07 12:30:00-04:00,91.59700012207031
2024-05-07 13:30:00-04:00,90.1500015258789
2024-05-07 14:30:00-04:00,90.35399627685547
2024-05-07 15:30:00-04:00,90.53499603271484
2024-05-08 09:30:00-04:00,90.98300170898438
2024-05-08 10:30:00-04:00,89.9645004272461
2024-05-08 11:30:00-04:00,90.14586639404297
2024-05-08 12:30:00-04:00,89.95899963378906
2024-05-08 13:30:00-04:00,90.51454162597656
2024-05-08 14:30:00-04:00,90.36100006103516
2024-05-08 15:30:00-04:00,90.31700134277344
2024-05-09 09:30:00-04:00,88.36000061035156
2024-05-09 10:30:00-04:00,89.54090881347656
2024-05-09 11:30:00-04:00,89.11000061035156
2024-05-09 12:30:00-04:00,89.20726013183594
2024-05-09 13:30:00-04:00,89.00800323486328
2024-05-09 14:30:00-04:00,88.67649841308594
2024-05-09 15:30:00-04:00,88.79000091552734
2024-05-10 09:30:00-04:00,89.5169906616211
2024-05-10 10:30:00-04:00,89.88990783691406
2024-05-10 11:30:00-04:00,89.77100372314453
2024-05-10 12:30:00-04:00,89.85900115966797
2024-05-10 13:30:00-04:00,89.93800354003906
2024-05-10 14:30:00-04:00,89.77999877929688
2024-05-10 15:30:00-04:00,89.88600158691406
2024-05-13 09:30:00-04:00,89.67050170898438
2024-05-13 10:30:00-04:00,89.97999572753906
2024-05-13 11:30:00-04:00,90.73100280761719
2024-05-13 12:30:00-04:00,90.2145004272461
2024-05-13 13:30:00-04:00,90.27799987792969
2024-05-13 14:30:00-04:00,90.29600524902344
2024-05-13 15:30:00-04:00,90.39900207519531
2024-05-14 09:30:00-04:00,90.69000244140625
2024-05-14 10:30:00-04:00,91.17949676513672
2024-05-14 11:30:00-04:00,90.67949676513672
2024-05-14 12:30:00-04:00,90.86299896240234
2024-05-14 13:30:00-04:00,91.34907531738281
2024-05-14 14:30:00-04:00,91.39000701904297
2024-05-14 15:30:00-04:00,91.375
2024-05-15 09:30:00-04:00,93.38521575927734
2024-05-15 10:30:00-04:00,94.05101013183594
2024-05-15 11:30:00-04:00,94.61399841308594
2024-05-15 12:30:00-04:00,94.54399871826172
2024-05-15 13:30:00-04:00,94.60200500488281
2024-05-15 14:30:00-04:00,94.59099578857422
2024-05-15 15:30:00-04:00,94.65599822998047
2024-05-16 09:30:00-04:00,95.23300170898438
2024-05-16 10:30:00-04:00,95.45298767089844
2024-05-16 11:30:00-04:00,94.95700073242188
2024-05-16 12:30:00-04:00,94.4469985961914
2024-05-16 13:30:00-04:00,94.44398498535156
2024-05-16 14:30:00-04:00,94.98100280761719
2024-05-16 15:30:00-04:00,94.37100219726562
2024-05-17 09:30:00-04:00,93.77899932861328
2024-05-17 10:30:00-04:00,93.66300201416016
2024-05-17 11:30:00-04:00,93.3740005493164
2024-05-17 12:30:00-04:00,93.19999694824219
2024-05-17 13:30:00-04:00,91.98149871826172
2024-05-17 14:30:00-04:00,92.78199768066406
2024-05-17 15:30:00-04:00,92.49400329589844
2024-05-20 09:30:00-04:00,94.8215103149414
2024-05-20 10:30:00-04:00,94.57808685302734
2024-05-20 11:30:00-04:00,94.54341125488281
2024-05-20 12:30:00-04:00,94.71800231933594
2024-05-20 13:30:00-04:00,94.8604965209961
2024-05-20 14:30:00-04:00,95.10399627685547
2024-05-20 15:30:00-04:00,94.83399963378906
2024-05-21 09:30:00-04:00,94.05714416503906
2024-05-21 10:30:00-04:00,94.85900115966797
2024-05-21 11:30:00-04:00,95.1572494506836
2024-05-21 12:30:00-04:00,94.85600280761719
2024-05-21 13:30:00-04:00,94.79100799560547
2024-05-21 14:30:00-04:00,95.09349822998047
2024-05-21 15:30:00-04:00,95.35099792480469
2024-05-22 09:30:00-04:00,94.45449829101562
2024-05-22 10:30:00-04:00,95.02799987792969
2024-05-22 11:30:00-04:00,94.98167419433594
2024-05-22 12:30:00-04:00,94.89099884033203
2024-05-22 13:30:00-04:00,93.41300964355469
2024-05-22 14:30:00-04:00,94.21099853515625
2024-05-22 15:30:00-04:00,94.87000274658203
2024-05-23 09:30:00-04:00,104.2280044555664
2024-05-23 10:30:00-04:00,104.59449768066406
2024-05-23 11:30:00-04:00,105.15699768066406
2024-05-23 12:30:00-04:00,105.94998931884766
2024-05-23 13:30:00-04:00,104.00140380859375
2024-05-23 14:30:00-04:00,102.54447174072266
2024-05-23 15:30:00-04:00,103.82099914550781
2024-05-24 09:30:00-04:00,103.97283935546875
2024-05-24 10:30:00-04:00,104.68900299072266
2024-05-24 11:30:00-04:00,104.5685043334961
2024-05-24 12:30:00-04:00,104.80400085449219
2024-05-24 13:30:00-04:00,105.53700256347656
2024-05-24 14:30:00-04:00,105.957763671875
2024-05-24 15:30:00-04:00,106.4380111694336
2024-05-28 09:30:00-04:00,111.4000015258789
2024-05-28 10:30:00-04:00,112.16400146484375
2024-05-28 11:30:00-04:00,112.58799743652344
2024-05-28 12:30:00-04:00,114.38349914550781
2024-05-28 13:30:00-04:00,113.48799896240234
2024-05-28 14:30:00-04:00,113.87300109863281
2024-05-28 15:30:00-04:00,114.0
2024-05-29 09:30:00-04:00,113.65238189697266
2024-05-29 10:30:00-04:00,113.66751861572266
2024-05-29 11:30:00-04:00,114.24300384521484
2024-05-29 12:30:00-04:00,114.59930419921875
2024-05-29 13:30:00-04:00,114.9209976196289
2024-05-29 14:30:00-04:00,115.1709976196289
2024-05-29 15:30:00-04:00,114.7560043334961
2024-05-30 09:30:00-04:00,114.25150299072266
2024-05-30 10:30:00-04:00,113.23500061035156
2024-05-30 11:30:00-04:00,113.8966064453125
2024-05-30 12:30:00-04:00,113.94000244140625
2024-05-30 13:30:00-04:00,113.56330871582031
2024-05-30 14:30:00-04:00,111.8800048828125
2024-05-30 15:30:00-04:00,110.55400085449219
2024-05-31 09:30:00-04:00,109.50309753417969
2024-05-31 10:30:00-04:00,109.1270980834961
2024-05-31 11:30:00-04:00,107.2199935913086
2024-05-31 12:30:00-04:00,108.9260025024414
2024-05-31 13:30:00-04:00,108.21971130371094
2024-05-31 14:30:00-04:00,109.00199890136719
2024-05-31 15:30:00-04:00,109.7459945678711
2024-06-03 09:30:00-04:00,114.125
2024-06-03 10:30:00-04:00,113.08599853515625
2024-06-03 11:30:00-04:00,113.19795227050781
2024-06-03 12:30:00-04:00,113.61500549316406
2024-06-03 13:30:00-04:00,113.60200500488281
2024-06-03 14:30:00-04:00,114.50300598144531
2024-06-03 15:30:00-04:00,115.0
2024-06-04 09:30:00-04:00,114.6199951171875
2024-06-04 10:30:00-04:00,114.34449768066406
2024-06-04 11:30:00-04:00,114.85160064697266
2024-06-04 12:30:00-04:00,115.0689926147461
2024-06-04 13:30:00-04:00,115.88065338134766
2024-06-04 14:30:00-04:00,116.09066009521484
2024-06-04 15:30:00-04:00,116.4439926147461
2024-06-05 09:30:00-04:00,119.71820068359375
2024-06-05 10:30:00-04:00,119.81300354003906
2024-06-05 11:30:00-04:00,119.9000015258789
2024-06-05 12:30:00-04:00,120.8685073852539
2024-06-05 13:30:00-04:00,121.57259368896484
2024-06-05 14:30:00-04:00,121.82698822021484
2024-06-05 15:30:00-04:00,122.43900299072266
2024-06-06 09:30:00-04:00,121.08900451660156
2024-06-06 10:30:00-04:00,120.46247863769531
2024-06-06 11:30:00-04:00,119.72700500488281
2024-06-06 12:30:00-04:00,119.77950286865234
2024-06-06 13:30:00-04:00,119.5999984741211
2024-06-06 14:30:00-04:00,120.1614990234375
2024-06-06 15:30:00-04:00,120.94100189208984
2024-06-07 09:30:00-04:00,118.83030700683594
2024-06-07 10:30:00-04:00,119.0060043334961
2024-06-07 11:30:00-04:00,120.78700256347656
2024-06-07 12:30:00-04:00,120.99749755859375
2024-06-07 13:30:00-04:00,120.22349548339844
2024-06-07 14:30:00-04:00,120.63999938964844
2024-06-07 15:30:00-04:00,120.86500549316406
2024-06-10 09:30:00-04:00,119.93000030517578
2024-06-10 10:30:00-04:00,122.30829620361328
2024-06-10 11:30:00-04:00,122.2300033569336
2024-06-10 12:30:00-04:00,122.08000183105469
2024-06-10 13:30:00-04:00,121.17500305175781
2024-06-10 14:30:00-04:00,122.38999938964844
2024-06-10 15:30:00-04:00,121.6500015258789
2024-06-11 09:30:00-04:00,121.02680206298828
2024-06-11 10:30:00-04:00,120.66999816894531
2024-06-11 11:30:00-04:00,120.6050033569336
2024-06-11 12:30:00-04:00,120.27999877929688
2024-06-11 13:30:00-04:00,120.93000030517578
2024-06-11 14:30:00-04:00,120.37000274658203
2024-06-11 15:30:00-04:00,120.91000366210938
2024-06-12 09:30:00-04:00,126.83999633789062
2024-06-12 10:30:00-04:00,125.54000091552734
2024-06-12 11:30:00-04:00,125.58000183105469
2024-06-12 12:30:00-04:00,125.87940216064453
2024-06-12 13:30:00-04:00,125.6500015258789
2024-06-12 14:30:00-04:00,124.44010162353516
2024-06-12 15:30:00-04:00,125.2699966430664
2024-06-13 09:30:00-04:00,128.25999450683594
2024-06-13 10:30:00-04:00,128.0050048828125
2024-06-13 11:30:00-04:00,127.81600189208984
2024-06-13 12:30:00-04:00,128.40879821777344
2024-06-13 13:30:00-04:00,128.83999633789062
2024-06-13 14:30:00-04:00,129.08999633789062
2024-06-13 15:30:00-04:00,129.3699951171875
2024-06-14 09:30:00-04:00,132.6396942138672
2024-06-14 10:30:00-04:00,130.68040466308594
2024-06-14 11:30:00-04:00,130.67030334472656
2024-06-14 12:30:00-04:00,132.0323944091797
2024-06-14 13:30:00-04:00,131.8175048828125
2024-06-14 14:30:00-04:00,131.82000732421875
2024-06-14 15:30:00-04:00,131.97999572753906
2024-06-17 09:30:00-04:00,130.25
2024-06-17 10:30:00-04:00,131.2100067138672
2024-06-17 11:30:00-04:00,131.97999572753906
2024-06-17 12:30:00-04:00,131.94000244140625
2024-06-17 13:30:00-04:00,132.0749969482422
2024-06-17 14:30:00-04:00,132.25
2024-06-17 15:30:00-04:00,131.08999633789062
2024-06-18 09:30:00-04:00,133.05999755859375
2024-06-18 10:30:00-04:00,133.47000122070312
2024-06-18 11:30:00-04:00,134.44569396972656
2024-06-18 12:30:00-04:00,135.6199951171875
2024-06-18 13:30:00-04:00,135.875
2024-06-18 14:30:00-04:00,135.72000122070312
2024-06-18 15:30:00-04:00,135.67999267578125
2024-06-20 09:30:00-04:00,138.15159606933594
2024-06-20 10:30:00-04:00,138.98899841308594
2024-06-20 11:30:00-04:00,134.14500427246094
2024-06-20 12:30:00-04:00,131.24000549316406
2024-06-20 13:30:00-04:00,133.1103057861328
2024-06-20 14:30:00-04:00,131.29840087890625
2024-06-20 15:30:00-04:00,130.72000122070312
2024-06-21 09:30:00-04:00,125.68000030517578
2024-06-21 10:30:00-04:00,128.2899932861328
2024-06-21 11:30:00-04:00,129.08999633789062
2024-06-21 12:30:00-04:00,126.8499984741211
2024-06-21 13:30:00-04:00,126.66500091552734
2024-06-21 14:30:00-04:00,126.73500061035156
2024-06-21 15:30:00-04:00,127.05999755859375
2024-06-24 09:30:00-04:00,120.88999938964844
2024-06-24 10:30:00-04:00,119.81999969482422
2024-06-24 11:30:00-04:00,120.76000213623047
2024-06-24 12:30:00-04:00,119.31500244140625
2024-06-24 13:30:00-04:00,118.66999816894531
2024-06-24 14:30:00-04:00,120.37999725341797
2024-06-24 15:30:00-04:00,118.06999969482422
2024-06-25 09:30:00-04:00,121.9999008178711
2024-06-25 10:30:00-04:00,124.11000061035156
2024-06-25 11:30:00-04:00,124.56999969482422
2024-06-25 12:30:00-04:00,124.37000274658203
2024-06-25 13:30:00-04:00,125.12920379638672
2024-06-25 14:30:00-04:00,126.31999969482422
2024-06-25 15:30:00-04:00,126.25
2024-06-26 09:30:00-04:00,125.13990020751953
2024-06-26 10:30:00-04:00,123.410400390625
2024-06-26 11:30:00-04:00,124.45010375976562
2024-06-26 12:30:00-04:00,123.87000274658203
2024-06-26 13:30:00-04:00,123.59590148925781
2024-06-26 14:30:00-04:00,124.39399719238281
2024-06-26 15:30:00-04:00,126.44999694824219
2024-06-27 09:30:00-04:00,124.55500030517578
2024-06-27 10:30:00-04:00,123.54000091552734
2024-06-27 11:30:00-04:00,124.16000366210938
2024-06-27 12:30:00-04:00,124.61000061035156
2024-06-27 13:30:00-04:00,124.52999877929688
2024-06-27 14:30:00-04:00,124.30999755859375
2024-06-27 15:30:00-04:00,124.08999633789062
2024-06-28 09:30:00-04:00,126.80599975585938
2024-06-28 10:30:00-04:00,125.95999908447266
2024-06-28 11:30:00-04:00,124.70500183105469
2024-06-28 12:30:00-04:00,124.08499908447266
2024-06-28 13:30:00-04:00,123.96399688720703
2024-06-28 14:30:00-04:00,123.87449645996094
2024-06-28 15:30:00-04:00,123.54000091552734
