Date,Open,High,Low,Close,Volume,ticker
2014-12-04,28200.400390625,30096.900390625,27953.0,28447.69921875,811330,VIX
2014-12-05,26551.19921875,27540.69921875,25974.0,26056.5,377529,VIX
2014-12-08,25231.900390625,26056.5,23582.80078125,23582.80078125,367585,VIX
2014-12-09,23582.80078125,23582.80078125,21274.0,21274.0,570963,VIX
2014-12-10,19789.69921875,20202.0,19212.5,19295.0,539795,VIX
2014-12-11,18635.30078125,19295.0,17398.5,17728.30078125,1053637,VIX
2014-12-12,17645.80078125,19295.0,17233.599609375,19047.599609375,1117064,VIX
2014-12-15,19377.400390625,19872.19921875,18800.19921875,19212.5,1274964,VIX
2014-12-16,18552.900390625,19047.599609375,17316.0,17480.900390625,857050,VIX
2014-12-17,16573.900390625,17728.30078125,16079.2001953125,16409.0,1354314,VIX
2014-12-18,16491.400390625,17645.80078125,16491.400390625,17563.400390625,662974,VIX
2014-12-19,17316.0,17563.400390625,16161.599609375,16738.80078125,518451,VIX
2014-12-22,16491.400390625,17233.599609375,16079.2001953125,16821.30078125,1007310,VIX
2014-12-23,16491.400390625,18470.400390625,16491.400390625,18470.400390625,1508297,VIX
2014-12-24,19954.599609375,20037.099609375,18470.400390625,18800.19921875,1577424,VIX
2014-12-26,17893.19921875,18305.5,16986.19921875,17068.599609375,700848,VIX
2014-12-29,16491.400390625,17893.19921875,15419.5,15914.2001953125,1454027,VIX
2014-12-30,15666.900390625,17233.599609375,14594.900390625,16409.0,1217844,VIX
2014-12-31,15914.2001953125,17480.900390625,15914.2001953125,16903.69921875,796555,VIX
2015-01-02,16903.69921875,16903.69921875,16903.69921875,16903.69921875,0,VIX
2015-01-05,16491.400390625,17316.0,16491.400390625,16821.30078125,396691,VIX
2015-01-06,16491.400390625,18470.400390625,15666.900390625,18470.400390625,1063824,VIX
2015-01-07,20284.5,20284.5,18965.19921875,19872.19921875,1314257,VIX
2015-01-08,19377.400390625,21521.30078125,19377.400390625,20119.599609375,926165,VIX
2015-01-09,20614.30078125,21356.400390625,20119.599609375,20614.30078125,550952,VIX
2015-01-12,21026.599609375,21026.599609375,18717.80078125,18965.19921875,634632,VIX
2015-01-13,18140.599609375,20037.099609375,17728.30078125,19707.30078125,871992,VIX
2015-01-14,18965.19921875,20449.400390625,18965.19921875,20119.599609375,1372020,VIX
2015-01-15,20119.599609375,22098.5,19624.80078125,22098.5,1815717,VIX
2015-01-16,22428.400390625,22923.099609375,21438.900390625,21521.30078125,1239428,VIX
2015-01-20,21109.0,21521.30078125,20944.099609375,21109.0,519663,VIX
2015-01-21,21109.0,22181.0,21026.599609375,21109.0,674289,VIX
2015-01-22,21191.5,21438.900390625,20614.30078125,21026.599609375,421406,VIX
2015-01-23,21851.19921875,21933.599609375,20861.69921875,21851.19921875,891905,VIX
2015-01-26,22181.0,22758.19921875,21026.599609375,22016.099609375,654764,VIX
2015-01-27,22016.099609375,22181.0,20944.099609375,21438.900390625,1206929,VIX
2015-01-28,21026.599609375,21851.19921875,20944.099609375,21438.900390625,366614,VIX
2015-01-29,21026.599609375,22758.19921875,20614.30078125,22758.19921875,680280,VIX
2015-01-30,21933.599609375,23252.900390625,21851.19921875,22923.099609375,741960,VIX
2015-02-02,22263.5,24984.5,22263.5,22840.69921875,506444,VIX
2015-02-03,22263.5,24489.80078125,22263.5,22428.400390625,456855,VIX
2015-02-04,22428.400390625,22428.400390625,21274.0,21356.400390625,744022,VIX
2015-02-05,21109.0,21356.400390625,20366.900390625,20531.80078125,1263200,VIX
2015-02-06,20202.0,21356.400390625,20202.0,20614.30078125,521737,VIX
2015-02-09,20614.30078125,21026.599609375,19295.0,19459.900390625,815425,VIX
2015-02-10,20202.0,20202.0,18140.599609375,18635.30078125,1228273,VIX
2015-02-11,17810.80078125,19459.900390625,17480.900390625,19459.900390625,559563,VIX
2015-02-12,19130.099609375,19872.19921875,18965.19921875,19212.5,647497,VIX
2015-02-13,18965.19921875,19212.5,18635.30078125,18717.80078125,695512,VIX
2015-02-17,,,,,0,VIX
2015-02-18,18717.80078125,18717.80078125,18717.80078125,18717.80078125,0,VIX
2015-02-19,18717.80078125,18717.80078125,18717.80078125,18717.80078125,0,VIX
2015-02-20,18717.80078125,18717.80078125,18717.80078125,18717.80078125,0,VIX
2015-02-23,18717.80078125,18717.80078125,18717.80078125,18717.80078125,0,VIX
2015-02-24,18717.80078125,18717.80078125,18717.80078125,18717.80078125,0,VIX
2015-02-25,18223.0,19212.5,16903.69921875,17233.599609375,2087919,VIX
2015-02-26,17068.599609375,17563.400390625,16161.599609375,16491.400390625,2290036,VIX
2015-02-27,16573.900390625,17398.5,15419.5,16573.900390625,2978108,VIX
2015-03-02,16244.099609375,16821.30078125,16161.599609375,16409.0,1363737,VIX
2015-03-03,16244.099609375,16738.80078125,15419.5,16244.099609375,2141619,VIX
2015-03-04,13440.5,13440.5,13440.5,13440.5,691146,VIX
2015-03-05,14759.7998046875,14759.7998046875,13687.900390625,13770.400390625,2668293,VIX
2015-03-06,13770.400390625,13852.7998046875,12945.7998046875,13110.7001953125,2289708,VIX
2015-03-09,12945.7998046875,13028.2001953125,12203.7001953125,12698.400390625,3333850,VIX
2015-03-10,12451.0,13275.599609375,12368.599609375,13028.2001953125,1262594,VIX
2015-03-11,12863.2998046875,12945.7998046875,12698.400390625,12698.400390625,929136,VIX
2015-03-12,12533.5,12945.7998046875,12368.599609375,12945.7998046875,841527,VIX
2015-03-13,12780.900390625,13110.7001953125,12698.400390625,12945.7998046875,801385,VIX
2015-03-16,12945.7998046875,12945.7998046875,12616.0,12698.400390625,897556,VIX
2015-03-17,12451.0,13110.7001953125,12368.599609375,13028.2001953125,1163161,VIX
2015-03-18,12863.2998046875,13028.2001953125,12698.400390625,12863.2998046875,916233,VIX
2015-03-19,12698.400390625,13110.7001953125,12698.400390625,12698.400390625,1280688,VIX
2015-03-20,12451.0,12780.900390625,12368.599609375,12698.400390625,670772,VIX
2015-03-23,12616.0,13028.2001953125,12451.0,12616.0,910411,VIX
2015-03-24,12616.0,12616.0,12616.0,12616.0,0,VIX
2015-03-25,12616.0,12616.0,12616.0,12616.0,0,VIX
2015-03-26,12616.0,12616.0,12616.0,12616.0,0,VIX
2015-03-27,12616.0,12616.0,12616.0,12616.0,0,VIX
2015-03-30,12616.0,12616.0,12616.0,12616.0,0,VIX
2015-03-31,12616.0,12616.0,12616.0,12616.0,0,VIX
2015-04-01,12616.0,12616.0,12616.0,12616.0,0,VIX
2015-04-02,12616.0,12616.0,12616.0,12616.0,0,VIX
2015-04-06,12616.0,12616.0,12616.0,12616.0,0,VIX
2015-04-07,12616.0,12616.0,12616.0,12616.0,0,VIX
2015-04-08,12616.0,12616.0,12616.0,12616.0,0,VIX
2015-04-09,12616.0,12616.0,12616.0,12616.0,0,VIX
2015-04-10,12616.0,12616.0,12616.0,12616.0,0,VIX
2015-04-13,12616.0,12616.0,12616.0,12616.0,0,VIX
2015-04-14,12616.0,12616.0,12616.0,12616.0,0,VIX
2015-04-15,12616.0,12616.0,12616.0,12616.0,0,VIX
2015-04-16,12616.0,12616.0,12616.0,12616.0,0,VIX
2015-04-17,12616.0,12616.0,12616.0,12616.0,0,VIX
2015-04-20,12616.0,12616.0,12616.0,12616.0,0,VIX
2015-04-21,12616.0,12616.0,12616.0,12616.0,0,VIX
2015-04-22,12616.0,12616.0,12616.0,12616.0,0,VIX
2015-04-23,12616.0,12616.0,12616.0,12616.0,0,VIX
2015-04-24,12616.0,12616.0,12616.0,12616.0,0,VIX
2015-04-27,12616.0,12616.0,12616.0,12616.0,0,VIX
2015-04-28,12616.0,12616.0,12616.0,12616.0,0,VIX
2015-04-29,12616.0,12616.0,12616.0,12616.0,0,VIX
2015-04-30,12616.0,12616.0,12616.0,12616.0,0,VIX
2015-05-01,12616.0,12616.0,12616.0,12616.0,0,VIX
2015-05-04,12616.0,12616.0,12616.0,12616.0,0,VIX
2015-05-05,12616.0,12616.0,12616.0,12616.0,0,VIX
2015-05-06,12616.0,12616.0,12616.0,12616.0,0,VIX
2015-05-07,12616.0,12616.0,12616.0,12616.0,0,VIX
2015-05-08,12616.0,12616.0,12616.0,12616.0,0,VIX
2015-05-11,12616.0,12616.0,12616.0,12616.0,0,VIX
2015-05-12,12616.0,12616.0,12616.0,12616.0,0,VIX
2015-05-13,12616.0,12616.0,12616.0,12616.0,0,VIX
2015-05-14,12616.0,12616.0,12616.0,12616.0,0,VIX
2015-05-15,12616.0,12616.0,12616.0,12616.0,0,VIX
2015-05-18,12616.0,12616.0,12616.0,12616.0,0,VIX
2015-05-19,12616.0,12616.0,12616.0,12616.0,0,VIX
2015-05-20,12616.0,12616.0,12616.0,12616.0,0,VIX
2015-05-21,7668.52001953125,7998.35009765625,7503.60986328125,7998.35009765625,2720077,VIX
2015-05-22,8245.7197265625,8740.4697265625,7998.35009765625,8740.4697265625,2801489,VIX
2015-05-26,10389.599609375,10389.599609375,8987.83984375,8987.83984375,2989429,VIX
2015-05-27,9070.2900390625,9812.41015625,8740.4697265625,9647.5,2622948,VIX
2015-05-28,9894.8701171875,10472.099609375,9647.5,10059.7998046875,1846933,VIX
2015-05-29,10142.2001953125,10142.2001953125,9317.669921875,9482.580078125,1543831,VIX
2015-06-01,9482.580078125,10142.2001953125,9400.1201171875,9565.0400390625,1508261,VIX
2015-06-02,9565.0400390625,9977.3203125,9565.0400390625,9647.5,1448803,VIX
2015-06-03,9729.9501953125,9977.3203125,9647.5,9894.8701171875,955404,VIX
2015-06-04,9894.8701171875,10884.400390625,9894.8701171875,10884.400390625,2533265,VIX
2015-06-05,11379.099609375,11791.400390625,11131.7001953125,11544.0,3075595,VIX
2015-06-08,11791.400390625,12038.7998046875,11379.099609375,11379.099609375,2134998,VIX
2015-06-09,11379.099609375,11461.599609375,10307.2001953125,10801.900390625,3379207,VIX
2015-06-10,10389.599609375,10884.400390625,10307.2001953125,10637.0,1222488,VIX
2015-06-11,10637.0,11049.2998046875,10389.599609375,10472.099609375,1218911,VIX
2015-06-12,10719.400390625,10966.7998046875,10389.599609375,10801.900390625,2393504,VIX
2015-06-15,10801.900390625,11049.2998046875,10389.599609375,10637.0,1065025,VIX
2015-06-16,10637.0,10719.400390625,9812.41015625,9812.41015625,1482866,VIX
2015-06-17,9812.41015625,9977.3203125,9317.669921875,9317.669921875,1804390,VIX
2015-06-18,8658.009765625,9729.9501953125,8493.08984375,9647.5,1109788,VIX
2015-06-19,9565.0400390625,9729.9501953125,9235.2099609375,9317.669921875,1223556,VIX
2015-06-22,9317.669921875,9647.5,8905.3798828125,9482.580078125,734611,VIX
2015-06-23,9317.669921875,9565.0400390625,9317.669921875,9400.1201171875,518230,VIX
2015-06-24,9152.75,9482.580078125,9070.2900390625,9070.2900390625,3478191,VIX
2015-06-25,9070.2900390625,9152.75,8658.009765625,8658.009765625,2349036,VIX
2015-06-26,8987.83984375,9482.580078125,8493.08984375,9482.580078125,3658745,VIX
2015-06-29,10059.7998046875,10307.2001953125,9647.5,9894.8701171875,3638177,VIX
2015-06-30,9812.41015625,9894.8701171875,9235.2099609375,9235.2099609375,2204072,VIX
2015-07-01,9070.2900390625,9894.8701171875,8493.08984375,9317.669921875,2637974,VIX
2015-07-02,9482.580078125,9729.9501953125,8987.83984375,9647.5,2225651,VIX
2015-07-06,9400.1201171875,9894.8701171875,9400.1201171875,9812.41015625,3223744,VIX
2015-07-07,9647.5,9812.41015625,9482.580078125,9565.0400390625,2374261,VIX
2015-07-08,9400.1201171875,9729.9501953125,9070.2900390625,9235.2099609375,2974524,VIX
2015-07-09,9070.2900390625,9317.669921875,8905.3798828125,9235.2099609375,2095765,VIX
2015-07-10,9235.2099609375,9482.580078125,8987.83984375,8987.83984375,2187461,VIX
2015-07-13,8740.4697265625,9070.2900390625,8575.5498046875,8575.5498046875,2364317,VIX
2015-07-14,8163.27001953125,8987.83984375,8163.27001953125,8822.919921875,2493657,VIX
2015-07-15,7998.35009765625,8822.919921875,7998.35009765625,8410.6396484375,1315373,VIX
2015-07-16,7586.06005859375,8410.6396484375,7586.06005859375,8163.27001953125,1307830,VIX
2015-07-17,7421.14990234375,8493.08984375,7421.14990234375,8163.27001953125,1006728,VIX
2015-07-20,8080.81005859375,8163.27001953125,7833.43994140625,7998.35009765625,1222573,VIX
2015-07-21,7750.97998046875,7998.35009765625,7586.06005859375,7668.52001953125,1179593,VIX
2015-07-22,7586.06005859375,8163.27001953125,7503.60986328125,7915.89013671875,1773780,VIX
2015-07-23,7998.35009765625,7998.35009765625,7750.97998046875,7750.97998046875,1066768,VIX
2015-07-24,7421.14990234375,8080.81005859375,7421.14990234375,7915.89013671875,1207123,VIX
2015-07-27,7173.77978515625,7998.35009765625,7173.77978515625,7668.52001953125,1013495,VIX
2015-07-28,7338.68994140625,8163.27001953125,7338.68994140625,7750.97998046875,1989165,VIX
2015-07-29,7421.14990234375,7915.89013671875,7421.14990234375,7915.89013671875,614537,VIX
2015-07-30,7915.89013671875,8658.009765625,7833.43994140625,8575.5498046875,2359260,VIX
2015-07-31,8575.5498046875,8740.4697265625,8163.27001953125,8163.27001953125,1711194,VIX
2015-08-03,7421.14990234375,8163.27001953125,7421.14990234375,7750.97998046875,1252528,VIX
2015-08-04,7008.85986328125,7998.35009765625,7008.85986328125,7833.43994140625,956253,VIX
2015-08-05,7091.31982421875,8163.27001953125,7091.31982421875,8080.81005859375,925692,VIX
2015-08-06,8080.81005859375,8163.27001953125,7915.89013671875,7915.89013671875,1185221,VIX
2015-08-07,7503.60986328125,7998.35009765625,7503.60986328125,7915.89013671875,880869,VIX
2015-08-10,7503.60986328125,8080.81005859375,7503.60986328125,7833.43994140625,1088322,VIX
2015-08-11,7915.89013671875,8245.7197265625,7915.89013671875,7998.35009765625,1888797,VIX
2015-08-12,7256.240234375,8080.81005859375,7256.240234375,7833.43994140625,987821,VIX
2015-08-13,8575.5498046875,8575.5498046875,7503.60986328125,7668.52001953125,1314864,VIX
2015-08-14,7668.52001953125,7750.97998046875,7503.60986328125,7668.52001953125,1217492,VIX
2015-08-17,7668.52001953125,7833.43994140625,7338.68994140625,7503.60986328125,1268306,VIX
2015-08-18,8245.7197265625,8245.7197265625,7421.14990234375,7668.52001953125,690940,VIX
2015-08-19,8080.81005859375,8080.81005859375,7338.68994140625,7586.06005859375,1926817,VIX
2015-08-20,7833.43994140625,7833.43994140625,7256.240234375,7256.240234375,1094507,VIX
2015-08-21,7915.89013671875,7915.89013671875,6596.580078125,6843.9501953125,2505869,VIX
2015-08-24,6761.490234375,6761.490234375,6184.2900390625,6184.2900390625,2097087,VIX
2015-08-25,5607.08984375,6266.75,5607.08984375,5772.009765625,2736570,VIX
2015-08-26,5194.81005859375,6349.2099609375,5194.81005859375,6349.2099609375,2568459,VIX
2015-08-27,6926.41015625,6926.41015625,6679.0400390625,6926.41015625,3820405,VIX
2015-08-28,7586.06005859375,7586.06005859375,6679.0400390625,6926.41015625,2085445,VIX
2015-08-31,7421.14990234375,7421.14990234375,6596.580078125,6679.0400390625,1625224,VIX
2015-09-01,7338.68994140625,7338.68994140625,6514.1201171875,6596.580078125,1237490,VIX
2015-09-02,6596.580078125,6596.580078125,6596.580078125,6596.580078125,0,VIX
2015-09-03,7173.77978515625,7173.77978515625,6596.580078125,6679.0400390625,2444110,VIX
2015-09-04,7256.240234375,7256.240234375,6596.580078125,6596.580078125,756999,VIX
2015-09-08,6431.66015625,6761.490234375,6431.66015625,6761.490234375,1346516,VIX
2015-09-09,7338.68994140625,7338.68994140625,6679.0400390625,6679.0400390625,1562022,VIX
2015-09-10,7256.240234375,7256.240234375,6596.580078125,6926.41015625,2472070,VIX
2015-09-11,7008.85986328125,7503.60986328125,6843.9501953125,7091.31982421875,3337646,VIX
2015-09-14,7750.97998046875,7750.97998046875,6761.490234375,6761.490234375,1044905,VIX
2015-09-15,6761.490234375,7008.85986328125,6761.490234375,6926.41015625,1917855,VIX
2015-09-16,7421.14990234375,7421.14990234375,6761.490234375,6926.41015625,1178308,VIX
2015-09-17,7338.68994140625,7338.68994140625,6843.9501953125,6843.9501953125,1135073,VIX
2015-09-18,7173.77978515625,7256.240234375,6926.41015625,6926.41015625,1413242,VIX
2015-09-21,7586.06005859375,7586.06005859375,6843.9501953125,7091.31982421875,2265784,VIX
2015-09-22,7709.75,7709.75,7437.64013671875,7437.64013671875,3494561,VIX
2015-09-23,8072.56005859375,8072.56005859375,7346.93994140625,7619.0498046875,923785,VIX
2015-09-24,6893.419921875,8072.56005859375,6893.419921875,7800.4501953125,2846732,VIX
2015-09-25,7709.75,7800.4501953125,7619.0498046875,7619.0498046875,1004609,VIX
2015-09-28,7619.0498046875,7619.0498046875,7256.240234375,7256.240234375,1214624,VIX
2015-09-29,7256.240234375,7437.64013671875,7165.52978515625,7437.64013671875,1674698,VIX
2015-09-30,7528.33984375,7528.33984375,7346.93994140625,7346.93994140625,1103184,VIX
2015-10-01,7437.64013671875,7528.33984375,7346.93994140625,7437.64013671875,763592,VIX
2015-10-02,7437.64013671875,7437.64013671875,7256.240234375,7346.93994140625,756756,VIX
2015-10-05,7346.93994140625,7437.64013671875,7256.240234375,7346.93994140625,790823,VIX
2015-10-06,7437.64013671875,7709.75,7437.64013671875,7709.75,1998943,VIX
2015-10-07,7709.75,7800.4501953125,7437.64013671875,7437.64013671875,875936,VIX
2015-10-08,7528.33984375,7800.4501953125,7437.64013671875,7619.0498046875,2227656,VIX
2015-10-09,7619.0498046875,7709.75,7437.64013671875,7528.33984375,881559,VIX
2015-10-12,7528.33984375,7709.75,7437.64013671875,7528.33984375,1252330,VIX
2015-10-13,7528.33984375,7528.33984375,7437.64013671875,7437.64013671875,992140,VIX
2015-10-14,7528.33984375,7528.33984375,7256.240234375,7346.93994140625,822575,VIX
2015-10-15,7346.93994140625,7437.64013671875,7256.240234375,7346.93994140625,577710,VIX
2015-10-16,7437.64013671875,7528.33984375,7346.93994140625,7346.93994140625,1016505,VIX
2015-10-19,7346.93994140625,7437.64013671875,7256.240234375,7346.93994140625,595240,VIX
2015-10-20,7346.93994140625,7346.93994140625,7165.52978515625,7256.240234375,738012,VIX
2015-10-21,7256.240234375,7256.240234375,6984.1298828125,6984.1298828125,993154,VIX
2015-10-22,6893.419921875,7165.52978515625,6893.419921875,7165.52978515625,781893,VIX
2015-10-23,7256.240234375,7256.240234375,7074.830078125,7165.52978515625,989064,VIX
2015-10-26,7165.52978515625,7165.52978515625,6893.419921875,6893.419921875,803722,VIX
2015-10-27,6893.419921875,6984.1298828125,6893.419921875,6893.419921875,865352,VIX
2015-10-28,6893.419921875,6984.1298828125,6712.02001953125,6712.02001953125,1281921,VIX
2015-10-29,6802.72021484375,6984.1298828125,6712.02001953125,6984.1298828125,2316341,VIX
2015-10-30,7074.830078125,7074.830078125,6802.72021484375,6802.72021484375,695016,VIX
2015-11-02,7437.64013671875,7437.64013671875,6712.02001953125,6802.72021484375,1135354,VIX
2015-11-03,6802.72021484375,6802.72021484375,6712.02001953125,6802.72021484375,1003275,VIX
2015-11-04,7165.52978515625,7165.52978515625,6712.02001953125,6802.72021484375,1066228,VIX
2015-11-05,6712.02001953125,6893.419921875,6712.02001953125,6893.419921875,484218,VIX
2015-11-06,6893.419921875,6893.419921875,6621.31982421875,6621.31982421875,738344,VIX
2015-11-09,6621.31982421875,6802.72021484375,6621.31982421875,6621.31982421875,621590,VIX
2015-11-10,6621.31982421875,6621.31982421875,6439.91015625,6530.60986328125,817394,VIX
2015-11-11,6530.60986328125,6621.31982421875,6349.2099609375,6349.2099609375,785564,VIX
2015-11-12,6349.2099609375,6439.91015625,6167.7998046875,6349.2099609375,547060,VIX
2015-11-13,6258.5,6349.2099609375,6258.5,6258.5,520600,VIX
2015-11-16,6349.2099609375,6802.72021484375,6349.2099609375,6802.72021484375,2716939,VIX
2015-11-17,6893.419921875,7165.52978515625,6712.02001953125,6712.02001953125,1779137,VIX
2015-11-18,6712.02001953125,6802.72021484375,6712.02001953125,6712.02001953125,687740,VIX
2015-11-19,6712.02001953125,6893.419921875,6621.31982421875,6893.419921875,1444275,VIX
2015-11-20,6893.419921875,6984.1298828125,6712.02001953125,6893.419921875,991148,VIX
2015-11-23,6984.1298828125,7346.93994140625,6984.1298828125,7165.52978515625,2890608,VIX
2015-11-24,7256.240234375,7256.240234375,6984.1298828125,7074.830078125,974830,VIX
2015-11-25,6984.1298828125,7709.75,6621.31982421875,7437.64013671875,3418193,VIX
2015-11-27,7437.64013671875,7528.33984375,7074.830078125,7074.830078125,2090526,VIX
2015-11-30,6984.1298828125,7074.830078125,6802.72021484375,6802.72021484375,1839157,VIX
2015-12-01,6712.02001953125,6893.419921875,6621.31982421875,6712.02001953125,1232738,VIX
2015-12-02,6802.72021484375,6893.419921875,6712.02001953125,6802.72021484375,1218020,VIX
2015-12-03,6802.72021484375,7074.830078125,6712.02001953125,6893.419921875,1540800,VIX
2015-12-04,6893.419921875,6893.419921875,6712.02001953125,6802.72021484375,630117,VIX
2015-12-07,6802.72021484375,6802.72021484375,6621.31982421875,6802.72021484375,679079,VIX
2015-12-08,6712.02001953125,6802.72021484375,6621.31982421875,6802.72021484375,692916,VIX
2015-12-09,6802.72021484375,6984.1298828125,6712.02001953125,6712.02001953125,1586707,VIX
2015-12-10,6712.02001953125,6712.02001953125,6439.91015625,6439.91015625,1046173,VIX
2015-12-11,6530.60986328125,6712.02001953125,6439.91015625,6530.60986328125,1623156,VIX
2015-12-14,6621.31982421875,6621.31982421875,6439.91015625,6439.91015625,786038,VIX
2015-12-15,6621.31982421875,6712.02001953125,6439.91015625,6712.02001953125,487944,VIX
2015-12-16,6712.02001953125,6893.419921875,6621.31982421875,6621.31982421875,1148310,VIX
2015-12-17,6712.02001953125,6802.72021484375,6530.60986328125,6621.31982421875,935251,VIX
2015-12-18,6530.60986328125,6712.02001953125,6530.60986328125,6530.60986328125,854449,VIX
2015-12-21,6530.60986328125,6530.60986328125,6349.2099609375,6439.91015625,738488,VIX
2015-12-22,6439.91015625,6621.31982421875,6349.2099609375,6439.91015625,647278,VIX
2015-12-23,7074.830078125,7074.830078125,6258.5,6349.2099609375,457449,VIX
2015-12-24,6439.91015625,6530.60986328125,6349.2099609375,6349.2099609375,453513,VIX
2015-12-28,6258.5,6349.2099609375,6077.10009765625,6077.10009765625,1065103,VIX
2015-12-29,6077.10009765625,6258.5,5895.68994140625,6167.7998046875,1206510,VIX
2015-12-30,6621.31982421875,6621.31982421875,6167.7998046875,6258.5,637565,VIX
2015-12-31,6802.72021484375,6802.72021484375,6167.7998046875,6167.7998046875,389282,VIX
2016-01-04,6258.5,6258.5,6077.10009765625,6077.10009765625,725136,VIX
2016-01-05,6077.10009765625,6077.10009765625,5895.68994140625,5895.68994140625,1114639,VIX
2016-01-06,6077.10009765625,6077.10009765625,5895.68994140625,5986.39013671875,499168,VIX
2016-01-07,6530.60986328125,6530.60986328125,5623.580078125,5623.580078125,1312736,VIX
2016-01-08,6167.7998046875,6167.7998046875,5260.77001953125,5351.47021484375,1425985,VIX
2016-01-11,5351.47021484375,5442.18017578125,5260.77001953125,5351.47021484375,565042,VIX
2016-01-12,5351.47021484375,5804.990234375,5260.77001953125,5804.990234375,1205110,VIX
2016-01-13,5714.2900390625,6077.10009765625,5714.2900390625,5804.990234375,1593565,VIX
2016-01-14,5714.2900390625,5714.2900390625,5442.18017578125,5532.8798828125,1117266,VIX
2016-01-15,5442.18017578125,5623.580078125,5351.47021484375,5351.47021484375,847315,VIX
2016-01-19,4988.66015625,5170.06982421875,4988.66015625,5170.06982421875,971137,VIX
2016-01-20,5170.06982421875,5532.8798828125,4988.66015625,5260.77001953125,1407121,VIX
2016-01-21,5170.06982421875,5442.18017578125,5170.06982421875,5260.77001953125,1217193,VIX
2016-01-22,5351.47021484375,5532.8798828125,5170.06982421875,5442.18017578125,1461309,VIX
2016-01-25,5532.8798828125,5986.39013671875,5532.8798828125,5895.68994140625,1449170,VIX
2016-01-26,5804.990234375,5804.990234375,5532.8798828125,5532.8798828125,1402623,VIX
2016-01-27,5623.580078125,5895.68994140625,5623.580078125,5804.990234375,989913,VIX
2016-01-28,5804.990234375,5804.990234375,5623.580078125,5714.2900390625,729723,VIX
2016-01-29,5714.2900390625,5804.990234375,5623.580078125,5714.2900390625,837216,VIX
2016-02-01,5714.2900390625,5714.2900390625,5532.8798828125,5623.580078125,648303,VIX
2016-02-02,5623.580078125,5623.580078125,5442.18017578125,5532.8798828125,602406,VIX
2016-02-03,5442.18017578125,5623.580078125,5442.18017578125,5532.8798828125,570764,VIX
2016-02-04,5532.8798828125,5623.580078125,5532.8798828125,5532.8798828125,350915,VIX
2016-02-05,5532.8798828125,5714.2900390625,5532.8798828125,5714.2900390625,768608,VIX
2016-02-08,5714.2900390625,5714.2900390625,5714.2900390625,5714.2900390625,0,VIX
2016-02-09,5714.2900390625,5714.2900390625,5714.2900390625,5714.2900390625,0,VIX
2016-02-10,5714.2900390625,5714.2900390625,5714.2900390625,5714.2900390625,0,VIX
2016-02-11,5714.2900390625,5714.2900390625,5714.2900390625,5714.2900390625,0,VIX
2016-02-12,5714.2900390625,5714.2900390625,5714.2900390625,5714.2900390625,0,VIX
2016-02-16,5623.580078125,5714.2900390625,5623.580078125,5714.2900390625,432081,VIX
2016-02-17,5714.2900390625,5895.68994140625,5623.580078125,5714.2900390625,1156908,VIX
2016-02-18,5714.2900390625,5895.68994140625,5714.2900390625,5804.990234375,878847,VIX
2016-02-19,5804.990234375,5804.990234375,5804.990234375,5804.990234375,0,VIX
2016-02-22,5804.990234375,5804.990234375,5804.990234375,5804.990234375,0,VIX
2016-02-23,5804.990234375,5804.990234375,5804.990234375,5804.990234375,0,VIX
2016-02-24,5986.39013671875,6258.5,5986.39013671875,6167.7998046875,1121672,VIX
2016-02-25,6167.7998046875,6167.7998046875,5895.68994140625,5895.68994140625,1067303,VIX
2016-02-26,5895.68994140625,6077.10009765625,5895.68994140625,6077.10009765625,1079579,VIX
2016-02-29,5986.39013671875,6167.7998046875,5986.39013671875,5986.39013671875,1190965,VIX
2016-03-01,5986.39013671875,6077.10009765625,5986.39013671875,6077.10009765625,493060,VIX
2016-03-02,6077.10009765625,6258.5,6077.10009765625,6258.5,1234381,VIX
2016-03-03,6258.5,6258.5,6077.10009765625,6077.10009765625,670740,VIX
2016-03-04,6077.10009765625,6167.7998046875,5986.39013671875,6077.10009765625,858517,VIX
2016-03-07,6077.10009765625,6167.7998046875,5986.39013671875,6077.10009765625,818298,VIX
2016-03-08,6077.10009765625,6258.5,6077.10009765625,6258.5,1570070,VIX
2016-03-09,6258.5,6349.2099609375,6077.10009765625,6167.7998046875,503237,VIX
2016-03-10,6167.7998046875,6349.2099609375,6077.10009765625,6258.5,1345138,VIX
2016-03-11,6258.5,6621.31982421875,6258.5,6439.91015625,3003810,VIX
2016-03-14,6439.91015625,6621.31982421875,6439.91015625,6530.60986328125,983287,VIX
2016-03-15,6621.31982421875,6621.31982421875,6349.2099609375,6349.2099609375,1327070,VIX
2016-03-16,6258.5,6439.91015625,6258.5,6439.91015625,1199101,VIX
2016-03-17,6439.91015625,6621.31982421875,6349.2099609375,6349.2099609375,961236,VIX
2016-03-18,6349.2099609375,6712.02001953125,6349.2099609375,6530.60986328125,3162709,VIX
2016-03-21,6530.60986328125,7074.830078125,6530.60986328125,6893.419921875,4583569,VIX
2016-03-22,6893.419921875,7256.240234375,6802.72021484375,7256.240234375,3441432,VIX
2016-03-23,7256.240234375,7437.64013671875,7256.240234375,7346.93994140625,2246267,VIX
2016-03-24,7346.93994140625,7528.33984375,7256.240234375,7256.240234375,3061290,VIX
2016-03-28,6984.1298828125,6984.1298828125,6893.419921875,6984.1298828125,1438134,VIX
2016-03-29,6984.1298828125,6984.1298828125,6621.31982421875,6712.02001953125,908372,VIX
2016-03-30,6621.31982421875,7074.830078125,6621.31982421875,7074.830078125,1729943,VIX
2016-03-31,6984.1298828125,7074.830078125,6712.02001953125,6802.72021484375,1055842,VIX
2016-04-01,6712.02001953125,7165.52978515625,6621.31982421875,7165.52978515625,2780207,VIX
2016-04-04,7165.52978515625,7256.240234375,6984.1298828125,6984.1298828125,939341,VIX
2016-04-05,6984.1298828125,7165.52978515625,6893.419921875,7074.830078125,1327344,VIX
2016-04-06,7074.830078125,7165.52978515625,6984.1298828125,7074.830078125,614754,VIX
2016-04-07,7074.830078125,7165.52978515625,6984.1298828125,6984.1298828125,893361,VIX
2016-04-08,6984.1298828125,7619.0498046875,6893.419921875,7619.0498046875,3309261,VIX
2016-04-11,7709.75,8344.669921875,7709.75,7981.85986328125,4356706,VIX
2016-04-12,7981.85986328125,8344.669921875,7891.16015625,8163.27001953125,2388292,VIX
2016-04-13,8163.27001953125,8163.27001953125,7891.16015625,8072.56005859375,1821573,VIX
2016-04-14,8072.56005859375,8526.080078125,7981.85986328125,8253.9697265625,2116363,VIX
2016-04-15,8253.9697265625,8253.9697265625,8253.9697265625,8253.9697265625,0,VIX
2016-04-18,8253.9697265625,8253.9697265625,8253.9697265625,8253.9697265625,0,VIX
2016-04-19,8253.9697265625,8253.9697265625,8253.9697265625,8253.9697265625,0,VIX
2016-04-20,7619.0498046875,7800.4501953125,7437.64013671875,7709.75,1518154,VIX
2016-04-21,7800.4501953125,7891.16015625,7619.0498046875,7709.75,555594,VIX
2016-04-22,7709.75,8072.56005859375,7709.75,7981.85986328125,1114881,VIX
2016-04-25,,,,,0,VIX
2016-04-26,8072.56005859375,8072.56005859375,7800.4501953125,7981.85986328125,965549,VIX
2016-04-27,7981.85986328125,7981.85986328125,7981.85986328125,7981.85986328125,0,VIX
2016-04-28,7981.85986328125,7981.85986328125,7981.85986328125,7981.85986328125,0,VIX
2016-04-29,7981.85986328125,7981.85986328125,7981.85986328125,7981.85986328125,0,VIX
2016-05-02,7981.85986328125,7981.85986328125,7981.85986328125,7981.85986328125,0,VIX
2016-05-03,7981.85986328125,7981.85986328125,7981.85986328125,7981.85986328125,0,VIX
2016-05-04,7981.85986328125,7981.85986328125,7981.85986328125,7981.85986328125,0,VIX
2016-05-05,6984.1298828125,7165.52978515625,6984.1298828125,7074.830078125,614655,VIX
2016-05-06,7074.830078125,7256.240234375,6984.1298828125,7074.830078125,646175,VIX
2016-05-09,7074.830078125,7165.52978515625,6712.02001953125,6712.02001953125,1348544,VIX
2016-05-10,6712.02001953125,6712.02001953125,6712.02001953125,6712.02001953125,0,VIX
2016-05-11,6712.02001953125,6712.02001953125,6712.02001953125,6712.02001953125,0,VIX
2016-05-12,6984.1298828125,7074.830078125,6802.72021484375,6893.419921875,501212,VIX
2016-05-13,6893.419921875,6984.1298828125,6712.02001953125,6802.72021484375,456656,VIX
2016-05-16,6802.72021484375,6802.72021484375,6802.72021484375,6802.72021484375,0,VIX
2016-05-17,6802.72021484375,6802.72021484375,6802.72021484375,6802.72021484375,0,VIX
2016-05-18,6802.72021484375,6802.72021484375,6802.72021484375,6802.72021484375,0,VIX
2016-05-19,6893.419921875,6893.419921875,6712.02001953125,6802.72021484375,209883,VIX
2016-05-20,6802.72021484375,6802.72021484375,6802.72021484375,6802.72021484375,0,VIX
2016-05-23,6802.72021484375,6893.419921875,6621.31982421875,6712.02001953125,551652,VIX
2016-05-24,6712.02001953125,6802.72021484375,6621.31982421875,6802.72021484375,288745,VIX
2016-05-25,6802.72021484375,7074.830078125,6712.02001953125,6802.72021484375,2157835,VIX
2016-05-26,6802.72021484375,6893.419921875,6621.31982421875,6802.72021484375,557424,VIX
2016-05-27,6984.1298828125,7074.830078125,6802.72021484375,6984.1298828125,3320950,VIX
2016-05-31,7346.93994140625,7346.93994140625,6984.1298828125,6984.1298828125,1366009,VIX
2016-06-01,6984.1298828125,7256.240234375,6984.1298828125,7074.830078125,2505887,VIX
2016-06-02,7074.830078125,7165.52978515625,6984.1298828125,7074.830078125,803342,VIX
2016-06-03,7074.830078125,7074.830078125,6984.1298828125,6984.1298828125,1642901,VIX
2016-06-06,6984.1298828125,7074.830078125,6893.419921875,6984.1298828125,704012,VIX
2016-06-07,6984.1298828125,6984.1298828125,6893.419921875,6893.419921875,724166,VIX
2016-06-08,6984.1298828125,7074.830078125,6893.419921875,6984.1298828125,1312493,VIX
2016-06-09,6952.3798828125,7142.85986328125,6666.669921875,6761.89990234375,1704896,VIX
2016-06-10,6761.89990234375,6857.14013671875,6761.89990234375,6761.89990234375,791847,VIX
2016-06-13,6666.669921875,7142.85986328125,6666.669921875,6952.3798828125,2289850,VIX
2016-06-14,6952.3798828125,7333.330078125,6857.14013671875,7238.10009765625,2200128,VIX
2016-06-15,7238.10009765625,7238.10009765625,6952.3798828125,7047.6201171875,955678,VIX
2016-06-16,7047.6201171875,7238.10009765625,6952.3798828125,7142.85986328125,2484531,VIX
2016-06-17,7142.85986328125,7238.10009765625,7047.6201171875,7047.6201171875,1479046,VIX
2016-06-20,7047.6201171875,7142.85986328125,6857.14013671875,6857.14013671875,874136,VIX
2016-06-21,6857.14013671875,7047.6201171875,6761.89990234375,6857.14013671875,2023329,VIX
2016-06-22,6952.3798828125,6952.3798828125,6666.669921875,6666.669921875,822800,VIX
2016-06-23,6666.669921875,6761.89990234375,6666.669921875,6666.669921875,689022,VIX
2016-06-24,6666.669921875,6666.669921875,6000.0,6190.47998046875,4332174,VIX
2016-06-27,6190.47998046875,6380.9501953125,6000.0,6380.9501953125,1450144,VIX
2016-06-28,6285.7099609375,6476.18994140625,6285.7099609375,6380.9501953125,540835,VIX
2016-06-29,6380.9501953125,6761.89990234375,6380.9501953125,6666.669921875,1707678,VIX
2016-06-30,6666.669921875,6857.14013671875,6571.43017578125,6571.43017578125,1216679,VIX
2016-07-01,6571.43017578125,6666.669921875,6476.18994140625,6476.18994140625,952466,VIX
2016-07-05,7142.85986328125,7619.0498046875,7142.85986328125,7238.10009765625,4471359,VIX
2016-07-06,7238.10009765625,7523.81005859375,7142.85986328125,7428.56982421875,1963041,VIX
2016-07-07,7428.56982421875,7619.0498046875,7333.330078125,7428.56982421875,1187256,VIX
2016-07-08,7428.56982421875,7523.81005859375,7047.6201171875,7333.330078125,2137244,VIX
2016-07-11,7428.56982421875,7523.81005859375,6952.3798828125,6952.3798828125,2223639,VIX
2016-07-12,7047.6201171875,7238.10009765625,6952.3798828125,7142.85986328125,1085900,VIX
2016-07-13,7238.10009765625,7333.330078125,7238.10009765625,7238.10009765625,1073320,VIX
2016-07-14,7333.330078125,7333.330078125,6952.3798828125,6952.3798828125,1543955,VIX
2016-07-15,6952.3798828125,7142.85986328125,6952.3798828125,7047.6201171875,1081048,VIX
2016-07-18,7142.85986328125,7238.10009765625,7047.6201171875,7142.85986328125,580057,VIX
2016-07-19,7142.85986328125,7428.56982421875,7047.6201171875,7238.10009765625,1975473,VIX
2016-07-20,7333.330078125,7333.330078125,7047.6201171875,7142.85986328125,818075,VIX
2016-07-21,7142.85986328125,7142.85986328125,6952.3798828125,6952.3798828125,737436,VIX
2016-07-22,6952.3798828125,7142.85986328125,6857.14013671875,7142.85986328125,1570163,VIX
2016-07-25,7142.85986328125,7238.10009765625,7142.85986328125,7238.10009765625,744230,VIX
2016-07-26,7142.85986328125,7238.10009765625,7047.6201171875,7142.85986328125,351278,VIX
2016-07-27,7142.85986328125,7238.10009765625,6952.3798828125,6952.3798828125,718778,VIX
2016-07-28,7047.6201171875,7142.85986328125,6857.14013671875,6952.3798828125,1150961,VIX
2016-07-29,6952.3798828125,7047.6201171875,6857.14013671875,6952.3798828125,528987,VIX
2016-08-01,6857.14013671875,6857.14013671875,6666.669921875,6666.669921875,921346,VIX
2016-08-02,6571.43017578125,6571.43017578125,6285.7099609375,6380.9501953125,1651225,VIX
2016-08-03,6380.9501953125,6571.43017578125,6380.9501953125,6571.43017578125,983769,VIX
2016-08-04,6571.43017578125,6571.43017578125,6476.18994140625,6476.18994140625,1068689,VIX
2016-08-05,6380.9501953125,6380.9501953125,6095.240234375,6285.7099609375,615111,VIX
2016-08-08,6285.7099609375,6285.7099609375,6190.47998046875,6190.47998046875,241904,VIX
2016-08-09,6190.47998046875,6380.9501953125,6190.47998046875,6380.9501953125,189593,VIX
2016-08-10,6380.9501953125,6380.9501953125,6190.47998046875,6380.9501953125,312868,VIX
2016-08-11,6380.9501953125,6571.43017578125,6285.7099609375,6476.18994140625,575182,VIX
2016-08-12,6476.18994140625,6476.18994140625,6190.47998046875,6285.7099609375,501640,VIX
2016-08-15,6190.47998046875,6380.9501953125,6190.47998046875,6285.7099609375,267634,VIX
2016-08-16,6380.9501953125,6571.43017578125,6285.7099609375,6380.9501953125,663769,VIX
2016-08-17,6380.9501953125,6380.9501953125,6285.7099609375,6285.7099609375,251659,VIX
2016-08-18,6285.7099609375,6285.7099609375,6190.47998046875,6285.7099609375,349090,VIX
2016-08-19,6285.7099609375,6285.7099609375,6095.240234375,6095.240234375,489241,VIX
2016-08-22,6095.240234375,6095.240234375,5809.52001953125,5809.52001953125,783438,VIX
2016-08-23,5809.52001953125,5904.759765625,5809.52001953125,5809.52001953125,419550,VIX
2016-08-24,5809.52001953125,6000.0,5809.52001953125,5809.52001953125,371564,VIX
2016-08-25,5809.52001953125,5904.759765625,5714.2900390625,5809.52001953125,279626,VIX
2016-08-26,5809.52001953125,6190.47998046875,5809.52001953125,6095.240234375,819444,VIX
2016-08-29,6190.47998046875,6190.47998046875,5809.52001953125,5809.52001953125,318787,VIX
2016-08-30,5904.759765625,5904.759765625,5809.52001953125,5904.759765625,275691,VIX
2016-08-31,5904.759765625,6000.0,5809.52001953125,5809.52001953125,218510,VIX
2016-09-01,5904.759765625,6000.0,5809.52001953125,5904.759765625,520182,VIX
2016-09-02,5904.759765625,5904.759765625,5904.759765625,5904.759765625,0,VIX
2016-09-06,5619.0498046875,5619.0498046875,5428.56982421875,5428.56982421875,546435,VIX
2016-09-07,5428.56982421875,5428.56982421875,5333.330078125,5333.330078125,577222,VIX
2016-09-08,5333.330078125,5619.0498046875,5333.330078125,5428.56982421875,645734,VIX
2016-09-09,5523.81005859375,5714.2900390625,5428.56982421875,5714.2900390625,914293,VIX
2016-09-12,5714.2900390625,5714.2900390625,5428.56982421875,5619.0498046875,377372,VIX
2016-09-13,5523.81005859375,5523.81005859375,5428.56982421875,5428.56982421875,434705,VIX
2016-09-14,4952.3798828125,5333.330078125,4952.3798828125,5142.85986328125,799507,VIX
2016-09-15,5142.85986328125,5333.330078125,5142.85986328125,5333.330078125,561755,VIX
2016-09-16,4857.14013671875,5428.56982421875,4857.14013671875,5238.10009765625,726552,VIX
2016-09-19,5238.10009765625,5428.56982421875,5238.10009765625,5238.10009765625,219208,VIX
2016-09-20,5333.330078125,5333.330078125,5238.10009765625,5238.10009765625,242927,VIX
2016-09-21,5333.330078125,5333.330078125,5238.10009765625,5333.330078125,180075,VIX
2016-09-22,5238.10009765625,5428.56982421875,5238.10009765625,5333.330078125,319200,VIX
2016-09-23,5333.330078125,5619.0498046875,5333.330078125,5428.56982421875,438629,VIX
2016-09-26,5428.56982421875,5523.81005859375,5238.10009765625,5238.10009765625,581338,VIX
2016-09-27,5238.10009765625,5333.330078125,5238.10009765625,5238.10009765625,237272,VIX
2016-09-28,5238.10009765625,5619.0498046875,5238.10009765625,5428.56982421875,433632,VIX
2016-09-29,5333.330078125,5523.81005859375,5333.330078125,5428.56982421875,684946,VIX
2016-09-30,5428.56982421875,5428.56982421875,5238.10009765625,5428.56982421875,655515,VIX
2016-10-03,5428.56982421875,5428.56982421875,5238.10009765625,5238.10009765625,419007,VIX
2016-10-04,5333.330078125,5714.2900390625,5333.330078125,5523.81005859375,1542535,VIX
2016-10-05,5523.81005859375,5809.52001953125,5523.81005859375,5714.2900390625,852518,VIX
2016-10-06,5714.2900390625,5809.52001953125,5523.81005859375,5714.2900390625,665287,VIX
2016-10-07,5714.2900390625,5809.52001953125,5619.0498046875,5619.0498046875,631850,VIX
2016-10-10,5619.0498046875,5714.2900390625,5523.81005859375,5619.0498046875,390887,VIX
2016-10-11,5619.0498046875,5619.0498046875,5523.81005859375,5619.0498046875,491190,VIX
2016-10-12,5619.0498046875,5809.52001953125,5619.0498046875,5619.0498046875,696184,VIX
2016-10-13,5809.52001953125,6000.0,5714.2900390625,5904.759765625,333466,VIX
2016-10-14,5904.759765625,6095.240234375,5809.52001953125,5809.52001953125,274186,VIX
2016-10-17,5809.52001953125,6000.0,5714.2900390625,5904.759765625,348606,VIX
2016-10-18,5904.759765625,5904.759765625,5809.52001953125,5904.759765625,395378,VIX
2016-10-19,5809.52001953125,6000.0,5809.52001953125,6000.0,543793,VIX
2016-10-20,5904.759765625,6000.0,5904.759765625,6000.0,549045,VIX
2016-10-21,5904.759765625,6000.0,5904.759765625,5904.759765625,477248,VIX
2016-10-24,5904.759765625,6000.0,5904.759765625,5904.759765625,805037,VIX
2016-10-25,5809.52001953125,6000.0,5809.52001953125,5904.759765625,479312,VIX
2016-10-26,5809.52001953125,5904.759765625,5809.52001953125,5809.52001953125,513403,VIX
2016-10-27,5809.52001953125,5809.52001953125,5619.0498046875,5619.0498046875,313724,VIX
2016-10-28,5619.0498046875,5809.52001953125,5619.0498046875,5714.2900390625,358822,VIX
2016-10-31,5714.2900390625,5714.2900390625,5619.0498046875,5619.0498046875,212051,VIX
2016-11-01,5714.2900390625,5809.52001953125,5714.2900390625,5809.52001953125,154004,VIX
2016-11-02,5714.2900390625,5714.2900390625,5619.0498046875,5714.2900390625,137650,VIX
2016-11-03,5619.0498046875,5809.52001953125,5619.0498046875,5714.2900390625,351207,VIX
2016-11-04,5714.2900390625,5714.2900390625,5619.0498046875,5714.2900390625,254866,VIX
2016-11-07,5714.2900390625,5809.52001953125,5619.0498046875,5809.52001953125,181256,VIX
2016-11-08,5809.52001953125,5809.52001953125,5619.0498046875,5809.52001953125,318286,VIX
2016-11-09,5714.2900390625,5714.2900390625,5428.56982421875,5619.0498046875,219261,VIX
2016-11-10,5619.0498046875,5714.2900390625,5619.0498046875,5714.2900390625,358575,VIX
2016-11-11,5714.2900390625,5809.52001953125,5619.0498046875,5809.52001953125,142583,VIX
2016-11-14,5714.2900390625,5714.2900390625,5523.81005859375,5714.2900390625,123764,VIX
2016-11-15,5714.2900390625,5714.2900390625,5714.2900390625,5714.2900390625,96508,VIX
2016-11-16,5714.2900390625,5809.52001953125,5714.2900390625,5714.2900390625,105840,VIX
2016-11-17,5714.2900390625,5714.2900390625,5714.2900390625,5714.2900390625,92645,VIX
2016-11-18,5714.2900390625,5714.2900390625,5619.0498046875,5714.2900390625,247267,VIX
2016-11-21,5714.2900390625,5809.52001953125,5714.2900390625,5809.52001953125,97766,VIX
2016-11-22,5714.2900390625,5714.2900390625,5619.0498046875,5619.0498046875,234423,VIX
2016-11-23,5619.0498046875,5714.2900390625,5619.0498046875,5714.2900390625,46381,VIX
2016-11-25,5619.0498046875,5619.0498046875,5523.81005859375,5523.81005859375,70098,VIX
2016-11-28,5523.81005859375,5523.81005859375,5238.10009765625,5333.330078125,170550,VIX
2016-11-29,5333.330078125,5428.56982421875,5333.330078125,5428.56982421875,35667,VIX
2016-11-30,5428.56982421875,5428.56982421875,5238.10009765625,5238.10009765625,79372,VIX
2016-12-01,5238.10009765625,5333.330078125,5238.10009765625,5238.10009765625,149415,VIX
2016-12-02,5238.10009765625,5238.10009765625,5142.85986328125,5238.10009765625,183822,VIX
2016-12-05,5428.56982421875,5428.56982421875,5047.6201171875,5428.56982421875,81021,VIX
2016-12-06,5238.10009765625,5428.56982421875,5142.85986328125,5333.330078125,127522,VIX
2016-12-07,5142.85986328125,5142.85986328125,5047.6201171875,5142.85986328125,319568,VIX
2016-12-08,5142.85986328125,5238.10009765625,5047.6201171875,5142.85986328125,265795,VIX
2016-12-09,5142.85986328125,5142.85986328125,4952.3798828125,5047.6201171875,139544,VIX
2016-12-12,4952.3798828125,5047.6201171875,4952.3798828125,4952.3798828125,59746,VIX
2016-12-13,4857.14013671875,5047.6201171875,4571.43017578125,5047.6201171875,565362,VIX
2016-12-14,5047.6201171875,5142.85986328125,4666.669921875,5142.85986328125,371096,VIX
2016-12-15,5047.6201171875,5333.330078125,4952.3798828125,5333.330078125,364054,VIX
2016-12-16,5238.10009765625,5333.330078125,5238.10009765625,5238.10009765625,296100,VIX
2016-12-19,5238.10009765625,5523.81005859375,4952.3798828125,5523.81005859375,389582,VIX
2016-12-20,5619.0498046875,5619.0498046875,5333.330078125,5333.330078125,88450,VIX
2016-12-21,5428.56982421875,5428.56982421875,5238.10009765625,5428.56982421875,63052,VIX
2016-12-22,5333.330078125,5428.56982421875,5238.10009765625,5238.10009765625,28953,VIX
2016-12-23,5238.10009765625,5238.10009765625,5238.10009765625,5238.10009765625,7030,VIX
2016-12-27,5142.85986328125,5238.10009765625,5047.6201171875,5142.85986328125,77242,VIX
2016-12-28,5047.6201171875,5238.10009765625,5047.6201171875,5142.85986328125,34762,VIX
2016-12-29,5238.10009765625,5428.56982421875,5047.6201171875,5238.10009765625,59378,VIX
2016-12-30,5047.6201171875,5238.10009765625,5047.6201171875,5238.10009765625,58306,VIX
2017-01-03,4952.3798828125,5238.10009765625,4761.89990234375,5238.10009765625,217416,VIX
2017-01-04,5142.85986328125,5333.330078125,5142.85986328125,5238.10009765625,54528,VIX
2017-01-05,5142.85986328125,5238.10009765625,5047.6201171875,5238.10009765625,38974,VIX
2017-01-06,5142.85986328125,5238.10009765625,5047.6201171875,5047.6201171875,102008,VIX
2017-01-09,4952.3798828125,5142.85986328125,4952.3798828125,5047.6201171875,129879,VIX
2017-01-10,5047.6201171875,5142.85986328125,4952.3798828125,4952.3798828125,41354,VIX
2017-01-11,5047.6201171875,5428.56982421875,5047.6201171875,5333.330078125,163764,VIX
2017-01-12,5238.10009765625,5238.10009765625,5142.85986328125,5238.10009765625,86625,VIX
2017-01-13,5238.10009765625,5333.330078125,5047.6201171875,5047.6201171875,58165,VIX
2017-01-17,5047.6201171875,5142.85986328125,5047.6201171875,5142.85986328125,183776,VIX
2017-01-18,5142.85986328125,5619.0498046875,5142.85986328125,5619.0498046875,1325070,VIX
2017-01-19,5619.0498046875,5809.52001953125,5428.56982421875,5523.81005859375,338152,VIX
2017-01-20,5523.81005859375,5523.81005859375,5428.56982421875,5523.81005859375,163275,VIX
2017-01-23,5428.56982421875,5619.0498046875,5238.10009765625,5523.81005859375,186290,VIX
2017-01-24,5523.81005859375,5714.2900390625,5523.81005859375,5714.2900390625,160440,VIX
2017-01-25,5714.2900390625,6095.240234375,5714.2900390625,6095.240234375,645625,VIX
2017-01-26,6095.240234375,6095.240234375,6095.240234375,6095.240234375,0,VIX
2017-01-27,6095.240234375,6095.240234375,6095.240234375,6095.240234375,0,VIX
2017-01-30,6095.240234375,6095.240234375,6095.240234375,6095.240234375,0,VIX
2017-01-31,6095.240234375,6095.240234375,6095.240234375,6095.240234375,0,VIX
2017-02-01,6095.240234375,6095.240234375,6095.240234375,6095.240234375,0,VIX
2017-02-02,6095.240234375,6095.240234375,6095.240234375,6095.240234375,0,VIX
2017-02-03,5904.759765625,6000.0,5714.2900390625,5714.2900390625,240398,VIX
2017-02-06,5619.0498046875,6000.0,5523.81005859375,6000.0,378240,VIX
2017-02-07,5904.759765625,5904.759765625,5714.2900390625,5809.52001953125,310828,VIX
2017-02-08,5714.2900390625,5809.52001953125,5619.0498046875,5619.0498046875,421583,VIX
2017-02-09,5619.0498046875,5714.2900390625,5619.0498046875,5714.2900390625,48111,VIX
2017-02-10,5619.0498046875,5714.2900390625,5523.81005859375,5619.0498046875,156450,VIX
2017-02-13,5619.0498046875,5809.52001953125,5619.0498046875,5809.52001953125,178710,VIX
2017-02-14,5809.52001953125,5809.52001953125,5523.81005859375,5523.81005859375,204041,VIX
2017-02-15,,,,,0,VIX
2017-02-16,5619.0498046875,5714.2900390625,5523.81005859375,5523.81005859375,67359,VIX
2017-02-17,5523.81005859375,5714.2900390625,5428.56982421875,5714.2900390625,75154,VIX
2017-02-21,5809.52001953125,5904.759765625,5714.2900390625,5904.759765625,158979,VIX
2017-02-22,5809.52001953125,6095.240234375,5714.2900390625,6000.0,770419,VIX
2017-02-23,6000.0,6095.240234375,5904.759765625,6000.0,266280,VIX
2017-02-24,5904.759765625,6095.240234375,5714.2900390625,5714.2900390625,349766,VIX
2017-02-27,5714.2900390625,5904.759765625,5714.2900390625,5904.759765625,328788,VIX
2017-02-28,5904.759765625,6000.0,5714.2900390625,5809.52001953125,457288,VIX
2017-03-01,5714.2900390625,5809.52001953125,5619.0498046875,5714.2900390625,320376,VIX
2017-03-02,5714.2900390625,5809.52001953125,5619.0498046875,5714.2900390625,175844,VIX
2017-03-03,5619.0498046875,5714.2900390625,5619.0498046875,5714.2900390625,53248,VIX
2017-03-06,5619.0498046875,5714.2900390625,5619.0498046875,5619.0498046875,99910,VIX
2017-03-07,5619.0498046875,5714.2900390625,5619.0498046875,5619.0498046875,57297,VIX
2017-03-08,5619.0498046875,5714.2900390625,5619.0498046875,5619.0498046875,71653,VIX
2017-03-09,5619.0498046875,5714.2900390625,5619.0498046875,5619.0498046875,134684,VIX
2017-03-10,5619.0498046875,5619.0498046875,5619.0498046875,5619.0498046875,65110,VIX
2017-03-13,5619.0498046875,5714.2900390625,5523.81005859375,5714.2900390625,151736,VIX
2017-03-14,5714.2900390625,5714.2900390625,5523.81005859375,5619.0498046875,147353,VIX
2017-03-15,5714.2900390625,5809.52001953125,5619.0498046875,5619.0498046875,51566,VIX
2017-03-16,5619.0498046875,5904.759765625,5619.0498046875,5809.52001953125,290411,VIX
2017-03-17,5904.759765625,6095.240234375,5904.759765625,5904.759765625,905276,VIX
2017-03-20,6000.0,6380.9501953125,6000.0,6380.9501953125,1664848,VIX
2017-03-21,6380.9501953125,6380.9501953125,6190.47998046875,6285.7099609375,608811,VIX
2017-03-22,6190.47998046875,6285.7099609375,6095.240234375,6190.47998046875,565467,VIX
2017-03-23,6190.47998046875,6190.47998046875,6000.0,6095.240234375,496251,VIX
2017-03-24,6095.240234375,6285.7099609375,6095.240234375,6190.47998046875,345555,VIX
2017-03-27,6190.47998046875,6380.9501953125,6095.240234375,6190.47998046875,669128,VIX
2017-03-28,6190.47998046875,6380.9501953125,6095.240234375,6285.7099609375,626258,VIX
2017-03-29,6285.7099609375,6380.9501953125,6190.47998046875,6285.7099609375,386680,VIX
2017-03-30,6285.7099609375,6380.9501953125,6095.240234375,6285.7099609375,267100,VIX
2017-03-31,6190.47998046875,6190.47998046875,6000.0,6000.0,248471,VIX
2017-04-03,6000.0,6000.0,5809.52001953125,5904.759765625,251259,VIX
2017-04-04,5809.52001953125,5904.759765625,5714.2900390625,5714.2900390625,367695,VIX
2017-04-05,5809.52001953125,5904.759765625,5809.52001953125,5809.52001953125,260401,VIX
2017-04-06,5809.52001953125,5809.52001953125,5809.52001953125,5809.52001953125,0,VIX
2017-04-07,5809.52001953125,5809.52001953125,5714.2900390625,5714.2900390625,281820,VIX
2017-04-10,5714.2900390625,5904.759765625,5714.2900390625,5904.759765625,443246,VIX
2017-04-11,5904.759765625,5904.759765625,5714.2900390625,5714.2900390625,320278,VIX
2017-04-12,5714.2900390625,5809.52001953125,5714.2900390625,5714.2900390625,322560,VIX
2017-04-13,5619.0498046875,5714.2900390625,5523.81005859375,5523.81005859375,548530,VIX
2017-04-17,5428.56982421875,5523.81005859375,5333.330078125,5333.330078125,551669,VIX
2017-04-18,5428.56982421875,5619.0498046875,5333.330078125,5619.0498046875,593553,VIX
2017-04-19,5619.0498046875,5619.0498046875,5428.56982421875,5428.56982421875,299250,VIX
2017-04-20,5523.81005859375,5523.81005859375,5428.56982421875,5428.56982421875,669107,VIX
2017-04-21,5523.81005859375,5809.52001953125,5523.81005859375,5714.2900390625,1170014,VIX
2017-04-24,5714.2900390625,6095.240234375,5619.0498046875,5904.759765625,1272714,VIX
2017-04-25,5904.759765625,6095.240234375,5809.52001953125,5904.759765625,788467,VIX
2017-04-26,5904.759765625,6095.240234375,5809.52001953125,6000.0,1659467,VIX
2017-04-27,5904.759765625,6095.240234375,5904.759765625,6095.240234375,777600,VIX
2017-04-28,6000.0,6000.0,5904.759765625,6000.0,410173,VIX
2017-05-01,6000.0,6000.0,6000.0,6000.0,0,VIX
2017-05-02,6000.0,6000.0,6000.0,6000.0,0,VIX
2017-05-03,5904.759765625,6476.18994140625,5714.2900390625,6476.18994140625,1851693,VIX
2017-05-04,6571.43017578125,6761.89990234375,6285.7099609375,6476.18994140625,1776339,VIX
2017-05-05,6476.18994140625,6666.669921875,6380.9501953125,6476.18994140625,974256,VIX
2017-05-08,6476.18994140625,6666.669921875,6285.7099609375,6476.18994140625,1034466,VIX
2017-05-09,6476.18994140625,6761.89990234375,6285.7099609375,6761.89990234375,2695891,VIX
2017-05-10,6857.14013671875,6857.14013671875,6476.18994140625,6571.43017578125,867114,VIX
2017-05-11,6476.18994140625,6857.14013671875,6476.18994140625,6666.669921875,2107258,VIX
2017-05-12,6761.89990234375,6761.89990234375,6476.18994140625,6666.669921875,528654,VIX
2017-05-15,6000.0,6761.89990234375,6000.0,6761.89990234375,943810,VIX
2017-05-16,6761.89990234375,7142.85986328125,6761.89990234375,6857.14013671875,2872122,VIX
2017-05-17,6857.14013671875,7047.6201171875,6666.669921875,6952.3798828125,1492168,VIX
2017-05-18,6952.3798828125,7047.6201171875,6761.89990234375,6761.89990234375,835536,VIX
2017-05-19,6666.669921875,7047.6201171875,6571.43017578125,6666.669921875,2022536,VIX
2017-05-22,6857.14013671875,6857.14013671875,6476.18994140625,6476.18994140625,975146,VIX
2017-05-23,6476.18994140625,6666.669921875,6190.47998046875,6190.47998046875,649875,VIX
2017-05-24,6190.47998046875,6476.18994140625,6095.240234375,6285.7099609375,605220,VIX
2017-05-25,6285.7099609375,6666.669921875,6285.7099609375,6571.43017578125,673179,VIX
2017-05-26,6571.43017578125,6666.669921875,6380.9501953125,6380.9501953125,442449,VIX
2017-05-30,6190.47998046875,6380.9501953125,6000.0,6000.0,633276,VIX
2017-05-31,6095.240234375,6190.47998046875,6000.0,6000.0,646224,VIX
2017-06-01,6095.240234375,6190.47998046875,6095.240234375,6095.240234375,347560,VIX
2017-06-02,6095.240234375,6571.43017578125,6000.0,6476.18994140625,1205737,VIX
2017-06-05,6476.18994140625,6666.669921875,6380.9501953125,6380.9501953125,428190,VIX
2017-06-06,6380.9501953125,6761.89990234375,6380.9501953125,6666.669921875,1173487,VIX
2017-06-07,6666.669921875,6857.14013671875,6571.43017578125,6571.43017578125,1784641,VIX
2017-06-08,6700.0,6900.0,6600.0,6800.0,329504,VIX
2017-06-09,6800.0,6900.0,6700.0,6800.0,529610,VIX
2017-06-12,6800.0,6900.0,6600.0,6800.0,324943,VIX
2017-06-13,6700.0,7200.0,6600.0,7200.0,635950,VIX
2017-06-14,7100.0,7300.0,7000.0,7100.0,944705,VIX
2017-06-15,7000.0,7100.0,6800.0,7000.0,239720,VIX
2017-06-16,6800.0,7000.0,6800.0,7000.0,227900,VIX
2017-06-19,6800.0,6900.0,6800.0,6800.0,205220,VIX
2017-06-20,6900.0,7300.0,6900.0,7100.0,1489922,VIX
2017-06-21,7400.0,7400.0,7000.0,7200.0,380089,VIX
2017-06-22,7100.0,7100.0,6900.0,7000.0,527120,VIX
2017-06-23,,,,,0,VIX
2017-06-26,7100.0,7100.0,6900.0,7000.0,129248,VIX
2017-06-27,7000.0,7000.0,6800.0,6900.0,248955,VIX
2017-06-28,6900.0,7000.0,6800.0,6900.0,391715,VIX
2017-06-29,6900.0,7200.0,6800.0,7200.0,1288685,VIX
2017-06-30,7200.0,7400.0,7100.0,7100.0,1006527,VIX
2017-07-03,7100.0,7500.0,7000.0,7500.0,2346530,VIX
2017-07-05,7600.0,8000.0,7600.0,8000.0,3107890,VIX
2017-07-06,8000.0,8100.0,7900.0,8000.0,1016004,VIX
2017-07-07,8100.0,8200.0,7600.0,7600.0,2255670,VIX
2017-07-10,7700.0,7700.0,7300.0,7300.0,1290235,VIX
2017-07-11,7200.0,7400.0,7100.0,7300.0,383134,VIX
2017-07-12,7300.0,7500.0,7000.0,7000.0,740081,VIX
2017-07-13,7200.0,7200.0,7000.0,7100.0,241414,VIX
2017-07-14,7200.0,7200.0,7000.0,7100.0,255279,VIX
2017-07-17,7000.0,7100.0,6800.0,6800.0,617068,VIX
2017-07-18,6800.0,6900.0,6700.0,6900.0,386900,VIX
2017-07-19,7000.0,7100.0,6800.0,6800.0,132200,VIX
2017-07-20,6800.0,6900.0,6700.0,6800.0,226600,VIX
2017-07-21,6900.0,7000.0,6800.0,6800.0,2117357,VIX
2017-07-24,6700.0,6800.0,6600.0,6700.0,140262,VIX
2017-07-25,6900.0,6900.0,6700.0,6900.0,138900,VIX
2017-07-26,6900.0,7200.0,6700.0,7000.0,803900,VIX
2017-07-27,7000.0,7100.0,7000.0,7000.0,300976,VIX
2017-07-28,7000.0,7200.0,7000.0,7100.0,195063,VIX
2017-07-31,7200.0,7200.0,7000.0,7100.0,740660,VIX
2017-08-01,7000.0,7300.0,7000.0,7100.0,947270,VIX
2017-08-02,7100.0,7300.0,7000.0,7200.0,357961,VIX
2017-08-03,7200.0,7800.0,7100.0,7800.0,1866200,VIX
2017-08-04,7800.0,7800.0,7800.0,7800.0,0,VIX
2017-08-07,8100.0,8400.0,7800.0,8000.0,1882049,VIX
2017-08-08,8000.0,8300.0,7800.0,7800.0,1854859,VIX
2017-08-09,7800.0,7800.0,7300.0,7600.0,522810,VIX
2017-08-10,7500.0,8100.0,7400.0,7800.0,1250267,VIX
2017-08-11,7800.0,7900.0,7600.0,7900.0,806378,VIX
2017-08-14,7800.0,8000.0,7700.0,7900.0,658289,VIX
2017-08-15,7900.0,7900.0,7600.0,7600.0,131505,VIX
2017-08-16,7600.0,7800.0,7400.0,7800.0,204035,VIX
2017-08-17,7800.0,7800.0,7500.0,7500.0,170831,VIX
2017-08-18,7500.0,7700.0,7400.0,7700.0,453833,VIX
2017-08-21,7500.0,7800.0,7400.0,7800.0,623660,VIX
2017-08-22,7700.0,7800.0,7400.0,7600.0,691385,VIX
2017-08-23,7500.0,7500.0,7100.0,7100.0,579387,VIX
2017-08-24,7300.0,7300.0,7100.0,7100.0,256555,VIX
2017-08-25,7300.0,7700.0,7100.0,7700.0,1106719,VIX
2017-08-28,7500.0,7900.0,7500.0,7800.0,828200,VIX
2017-08-29,7600.0,7800.0,7500.0,7500.0,1016235,VIX
2017-08-30,7500.0,7600.0,7400.0,7400.0,431247,VIX
2017-08-31,7500.0,7800.0,7300.0,7800.0,479465,VIX
2017-09-01,7700.0,7700.0,7500.0,7700.0,210188,VIX
2017-09-05,7600.0,7600.0,7400.0,7500.0,133130,VIX
2017-09-06,7400.0,7500.0,7400.0,7400.0,291377,VIX
2017-09-07,7400.0,7700.0,7400.0,7600.0,563382,VIX
2017-09-08,7600.0,7700.0,7500.0,7600.0,131504,VIX
2017-09-11,7500.0,7500.0,7300.0,7300.0,457203,VIX
2017-09-12,7300.0,7400.0,7300.0,7300.0,43688,VIX
2017-09-13,7300.0,7600.0,7300.0,7600.0,184713,VIX
2017-09-14,7500.0,7500.0,7300.0,7300.0,712162,VIX
2017-09-15,7300.0,7400.0,7300.0,7300.0,124000,VIX
2017-09-18,7400.0,7500.0,7300.0,7300.0,89975,VIX
2017-09-19,7300.0,7400.0,7300.0,7300.0,1006047,VIX
2017-09-20,7300.0,7300.0,7300.0,7300.0,854100,VIX
2017-09-21,7300.0,7500.0,7300.0,7300.0,105277,VIX
2017-09-22,7400.0,7400.0,7300.0,7400.0,227574,VIX
2017-09-25,7400.0,7400.0,7400.0,7400.0,0,VIX
2017-09-26,7400.0,7400.0,7300.0,7300.0,86761,VIX
2017-09-27,7300.0,7300.0,7200.0,7300.0,175518,VIX
2017-09-28,7300.0,7400.0,7200.0,7300.0,65976,VIX
2017-09-29,7300.0,7300.0,7200.0,7200.0,1098658,VIX
2017-10-02,7200.0,7200.0,7000.0,7000.0,83900,VIX
2017-10-03,7100.0,7100.0,6800.0,6800.0,174780,VIX
2017-10-04,6900.0,7000.0,6800.0,7000.0,133000,VIX
2017-10-05,7000.0,7000.0,7000.0,7000.0,123301,VIX
2017-10-06,7000.0,7100.0,7000.0,7000.0,72130,VIX
2017-10-09,7100.0,7200.0,7100.0,7200.0,169210,VIX
2017-10-10,7100.0,7200.0,7100.0,7100.0,182854,VIX
2017-10-11,7100.0,7200.0,7000.0,7000.0,225720,VIX
2017-10-12,7000.0,7000.0,7000.0,7000.0,64595,VIX
2017-10-13,7100.0,7200.0,7000.0,7200.0,126207,VIX
2017-10-16,7100.0,7300.0,7100.0,7100.0,170929,VIX
2017-10-17,7100.0,7300.0,7000.0,7300.0,316879,VIX
2017-10-18,7300.0,7400.0,7200.0,7200.0,360507,VIX
2017-10-19,7200.0,7300.0,7200.0,7200.0,295420,VIX
2017-10-20,7300.0,7400.0,7200.0,7200.0,267807,VIX
2017-10-23,7200.0,7300.0,7200.0,7300.0,851152,VIX
2017-10-24,7300.0,7600.0,7200.0,7500.0,672777,VIX
2017-10-25,7500.0,7700.0,7400.0,7600.0,707998,VIX
2017-10-26,7500.0,7700.0,7300.0,7300.0,320125,VIX
2017-10-27,7400.0,7500.0,7200.0,7400.0,265200,VIX
2017-10-30,7300.0,7500.0,7200.0,7200.0,777200,VIX
2017-10-31,7300.0,7400.0,7100.0,7300.0,576957,VIX
2017-11-01,7200.0,7400.0,7100.0,7100.0,276011,VIX
2017-11-02,7200.0,7400.0,7100.0,7200.0,175842,VIX
2017-11-03,7100.0,7200.0,7000.0,7200.0,269000,VIX
2017-11-06,7100.0,7300.0,7000.0,7300.0,124800,VIX
2017-11-07,7100.0,7300.0,7100.0,7300.0,73500,VIX
2017-11-08,7300.0,7400.0,7200.0,7200.0,258000,VIX
2017-11-09,7200.0,7300.0,7200.0,7300.0,216600,VIX
2017-11-10,7300.0,7300.0,7200.0,7300.0,589610,VIX
2017-11-13,7200.0,7500.0,7200.0,7400.0,836442,VIX
2017-11-14,7400.0,7700.0,7400.0,7600.0,909880,VIX
2017-11-15,7600.0,7700.0,7500.0,7600.0,337045,VIX
2017-11-16,7600.0,7800.0,7500.0,7700.0,605052,VIX
2017-11-17,7700.0,7900.0,7600.0,7700.0,560206,VIX
2017-11-20,7700.0,7800.0,7500.0,7600.0,532595,VIX
2017-11-21,7700.0,8000.0,7700.0,8000.0,1774015,VIX
2017-11-22,8000.0,8400.0,7900.0,8400.0,1732005,VIX
2017-11-24,9200.0,9800.0,9000.0,9800.0,1552117,VIX
2017-11-27,9600.0,10300.0,9500.0,10300.0,1739322,VIX
2017-11-28,10400.0,10500.0,10000.0,10500.0,1170385,VIX
2017-11-29,10500.0,11200.0,9700.0,11100.0,2388533,VIX
2017-11-30,11000.0,11800.0,10800.0,11800.0,2497745,VIX
2017-12-01,12000.0,12600.0,11700.0,12500.0,1990285,VIX
2017-12-04,12500.0,12800.0,11300.0,11300.0,1746192,VIX
2017-12-05,10500.0,11900.0,10300.0,10600.0,2701021,VIX
2017-12-06,10000.0,11200.0,9900.0,11000.0,397309,VIX
2017-12-07,11400.0,11700.0,10800.0,11700.0,882705,VIX
2017-12-08,11700.0,12800.0,11500.0,12600.0,3143645,VIX
2017-12-11,12300.0,12900.0,11600.0,12800.0,1418748,VIX
2017-12-12,12900.0,13000.0,11600.0,12800.0,1499700,VIX
2017-12-13,12700.0,12700.0,11600.0,11600.0,734253,VIX
2017-12-14,10600.0,11600.0,10500.0,11200.0,1517360,VIX
2017-12-15,11100.0,11500.0,10500.0,11300.0,1160557,VIX
2017-12-18,11000.0,11300.0,10500.0,10600.0,1191180,VIX
2017-12-19,10500.0,10600.0,10000.0,10000.0,593042,VIX
2017-12-20,10000.0,10900.0,10000.0,10400.0,1495266,VIX
2017-12-21,10400.0,10800.0,10100.0,10500.0,568177,VIX
2017-12-22,10500.0,10600.0,10100.0,10400.0,453837,VIX
2017-12-26,10100.0,10300.0,9900.0,10300.0,518173,VIX
2017-12-27,10300.0,10500.0,10000.0,10100.0,418200,VIX
2017-12-28,9900.0,10700.0,9900.0,10700.0,351830,VIX
2017-12-29,10700.0,10800.0,10500.0,10600.0,417451,VIX
2018-01-02,10500.0,11000.0,10400.0,11000.0,521304,VIX
2018-01-03,11000.0,11200.0,10600.0,10600.0,179046,VIX
2018-01-04,10800.0,10800.0,10500.0,10500.0,136389,VIX
2018-01-05,10600.0,11200.0,10300.0,10500.0,719293,VIX
2018-01-08,10700.0,10700.0,10500.0,10600.0,151000,VIX
2018-01-09,,,,,0,VIX
2018-01-10,10400.0,10600.0,10100.0,10400.0,3103874,VIX
2018-01-11,10200.0,10300.0,10000.0,10000.0,2892810,VIX
2018-01-12,10000.0,10300.0,9900.0,9900.0,253147,VIX
2018-01-16,9900.0,10000.0,9600.0,10000.0,298650,VIX
2018-01-17,9900.0,10000.0,9700.0,9700.0,176887,VIX
2018-01-18,9600.0,9800.0,9400.0,9700.0,325768,VIX
2018-01-19,9700.0,10000.0,9500.0,9900.0,256223,VIX
2018-01-22,9900.0,10000.0,9600.0,9800.0,257523,VIX
2018-01-23,9900.0,9900.0,9700.0,9900.0,184915,VIX
2018-01-24,,,,,0,VIX
2018-01-25,,,,,0,VIX
2018-01-26,9300.0,9500.0,8400.0,9300.0,277990,VIX
2018-01-29,,,,,0,VIX
2018-01-30,9700.0,9700.0,9300.0,9300.0,311049,VIX
2018-01-31,9400.0,9400.0,9100.0,9300.0,82483,VIX
2018-02-01,,,,,0,VIX
2018-02-02,,,,,0,VIX
2018-02-05,,,,,0,VIX
2018-02-06,,,,,0,VIX
2018-02-07,,,,,0,VIX
2018-02-08,,,,,0,VIX
2018-02-09,,,,,0,VIX
2018-02-12,,,,,0,VIX
2018-02-13,,,,,0,VIX
2018-02-14,,,,,0,VIX
2018-02-15,,,,,0,VIX
2018-02-16,,,,,0,VIX
2018-02-20,,,,,0,VIX
2018-02-21,,,,,0,VIX
2018-02-22,,,,,0,VIX
2018-02-23,,,,,0,VIX
2018-02-26,,,,,0,VIX
2018-02-27,,,,,0,VIX
2018-02-28,,,,,0,VIX
2018-03-01,,,,,0,VIX
2018-03-02,,,,,0,VIX
2018-03-05,,,,,0,VIX
2018-03-06,,,,,0,VIX
2018-03-07,,,,,0,VIX
2018-03-08,,,,,0,VIX
2018-03-09,,,,,0,VIX
2018-03-12,,,,,0,VIX
2018-03-13,,,,,0,VIX
2018-03-14,,,,,0,VIX
2018-03-15,,,,,0,VIX
2018-03-16,,,,,0,VIX
2018-03-19,,,,,0,VIX
2018-03-20,,,,,0,VIX
2018-03-21,,,,,0,VIX
2018-03-22,,,,,0,VIX
2018-03-23,,,,,0,VIX
2018-03-26,,,,,0,VIX
2018-03-27,,,,,0,VIX
2018-03-28,,,,,0,VIX
2018-03-29,,,,,0,VIX
2018-04-02,,,,,0,VIX
2018-04-03,,,,,0,VIX
2018-04-04,,,,,0,VIX
2018-04-05,,,,,0,VIX
2018-04-06,,,,,0,VIX
2018-04-09,,,,,0,VIX
2018-04-10,,,,,0,VIX
2018-04-11,,,,,0,VIX
2018-04-12,,,,,0,VIX
2018-04-13,,,,,0,VIX
2018-04-16,,,,,0,VIX
2018-04-17,,,,,0,VIX
2018-04-18,,,,,0,VIX
2018-04-19,,,,,0,VIX
2018-04-20,,,,,0,VIX
2018-04-23,,,,,0,VIX
2018-04-24,,,,,0,VIX
2018-04-25,,,,,0,VIX
2018-04-26,,,,,0,VIX
2018-04-27,,,,,0,VIX
2018-04-30,,,,,0,VIX
2018-05-01,,,,,0,VIX
2018-05-02,,,,,0,VIX
2018-05-03,,,,,0,VIX
2018-05-04,,,,,0,VIX
2018-05-07,,,,,0,VIX
2018-05-08,,,,,0,VIX
2018-05-09,,,,,0,VIX
2018-05-10,,,,,0,VIX
2018-05-11,,,,,0,VIX
2018-05-14,,,,,0,VIX
2018-05-15,,,,,0,VIX
2018-05-16,,,,,0,VIX
2018-05-17,,,,,0,VIX
2018-05-18,,,,,0,VIX
2018-05-21,,,,,0,VIX
2018-05-22,,,,,0,VIX
2018-05-23,,,,,0,VIX
2018-05-24,,,,,0,VIX
2018-05-25,,,,,0,VIX
2018-05-29,,,,,0,VIX
2018-05-30,,,,,0,VIX
2018-05-31,,,,,0,VIX
2018-06-01,,,,,0,VIX
2018-06-04,,,,,0,VIX
2018-06-05,,,,,0,VIX
2018-06-06,,,,,0,VIX
2018-06-07,,,,,0,VIX
2018-06-08,,,,,0,VIX
2018-06-11,,,,,0,VIX
2018-06-12,,,,,0,VIX
2018-06-13,,,,,0,VIX
2018-06-14,,,,,0,VIX
2018-06-15,,,,,0,VIX
2018-06-18,,,,,0,VIX
2018-06-19,,,,,0,VIX
2018-06-20,,,,,0,VIX
2018-06-21,,,,,0,VIX
2018-06-22,,,,,0,VIX
2018-06-25,,,,,0,VIX
2018-06-26,,,,,0,VIX
2018-06-27,,,,,0,VIX
2018-06-28,,,,,0,VIX
2018-06-29,,,,,0,VIX
2018-07-02,,,,,0,VIX
2018-07-03,,,,,0,VIX
2018-07-05,,,,,0,VIX
2018-07-06,,,,,0,VIX
2018-07-09,,,,,0,VIX
2018-07-10,,,,,0,VIX
2018-07-11,,,,,0,VIX
2018-07-12,,,,,0,VIX
2018-07-13,,,,,0,VIX
2018-07-16,,,,,0,VIX
2018-07-17,,,,,0,VIX
2018-07-18,,,,,0,VIX
2018-07-19,,,,,0,VIX
2018-07-20,,,,,0,VIX
2018-07-23,,,,,0,VIX
2018-07-24,,,,,0,VIX
2018-07-25,,,,,0,VIX
2018-07-26,,,,,0,VIX
2018-07-27,,,,,0,VIX
2018-07-30,,,,,0,VIX
2018-07-31,,,,,0,VIX
2018-08-01,,,,,0,VIX
2018-08-02,,,,,0,VIX
2018-08-03,,,,,0,VIX
2018-08-06,,,,,0,VIX
2018-08-07,,,,,0,VIX
2018-08-08,,,,,0,VIX
2018-08-09,,,,,0,VIX
2018-08-10,,,,,0,VIX
2018-08-13,,,,,0,VIX
2018-08-14,,,,,0,VIX
2018-08-15,,,,,0,VIX
2018-08-16,,,,,0,VIX
2018-08-17,,,,,0,VIX
2018-08-20,,,,,0,VIX
2018-08-21,,,,,0,VIX
2018-08-22,,,,,0,VIX
2018-08-23,,,,,0,VIX
2018-08-24,,,,,0,VIX
2018-08-27,,,,,0,VIX
2018-08-28,,,,,0,VIX
2018-08-29,,,,,0,VIX
2018-08-30,,,,,0,VIX
2018-08-31,,,,,0,VIX
2018-09-04,,,,,0,VIX
2018-09-05,,,,,0,VIX
2018-09-06,,,,,0,VIX
2018-09-07,,,,,0,VIX
2018-09-10,,,,,0,VIX
2018-09-11,,,,,0,VIX
2018-09-12,,,,,0,VIX
2018-09-13,,,,,0,VIX
2018-09-14,,,,,0,VIX
2018-09-17,,,,,0,VIX
2018-09-18,,,,,0,VIX
2018-09-19,,,,,0,VIX
2018-09-20,,,,,0,VIX
2018-09-21,,,,,0,VIX
2018-09-24,,,,,0,VIX
2018-09-25,,,,,0,VIX
2018-09-26,,,,,0,VIX
2018-09-27,,,,,0,VIX
2018-09-28,,,,,0,VIX
2018-10-01,,,,,0,VIX
2018-10-02,,,,,0,VIX
2018-10-03,,,,,0,VIX
2018-10-04,,,,,0,VIX
2018-10-05,,,,,0,VIX
2018-10-08,,,,,0,VIX
2018-10-09,,,,,0,VIX
2018-10-10,,,,,0,VIX
2018-10-11,,,,,0,VIX
2018-10-12,,,,,0,VIX
2018-10-15,,,,,0,VIX
2018-10-16,,,,,0,VIX
2018-10-17,,,,,0,VIX
2018-10-18,,,,,0,VIX
2018-10-19,,,,,0,VIX
2018-10-22,,,,,0,VIX
2018-10-23,,,,,0,VIX
2018-10-24,,,,,0,VIX
2018-10-25,,,,,0,VIX
2018-10-26,,,,,0,VIX
2018-10-29,,,,,0,VIX
2018-10-30,,,,,0,VIX
2018-10-31,,,,,0,VIX
2018-11-01,,,,,0,VIX
2018-11-02,,,,,0,VIX
2018-11-05,,,,,0,VIX
2018-11-06,,,,,0,VIX
2018-11-07,,,,,0,VIX
2018-11-08,,,,,0,VIX
2018-11-09,,,,,0,VIX
2018-11-12,,,,,0,VIX
2018-11-13,,,,,0,VIX
2018-11-14,,,,,0,VIX
2018-11-15,,,,,0,VIX
2018-11-16,,,,,0,VIX
2018-11-19,,,,,0,VIX
2018-11-20,,,,,0,VIX
2018-11-21,,,,,0,VIX
2018-11-23,,,,,0,VIX
2018-11-26,,,,,0,VIX
2018-11-27,,,,,0,VIX
2018-11-28,,,,,0,VIX
2018-11-29,,,,,0,VIX
2018-11-30,,,,,0,VIX
2018-12-03,,,,,0,VIX
2018-12-04,,,,,0,VIX
2018-12-06,,,,,0,VIX
2018-12-07,,,,,0,VIX
2018-12-10,,,,,0,VIX
2018-12-11,,,,,0,VIX
2018-12-12,,,,,0,VIX
2018-12-13,,,,,0,VIX
2018-12-14,,,,,0,VIX
2018-12-17,,,,,0,VIX
2018-12-18,,,,,0,VIX
2018-12-19,,,,,0,VIX
2018-12-20,,,,,0,VIX
2018-12-21,,,,,0,VIX
2018-12-24,,,,,0,VIX
2018-12-26,,,,,0,VIX
2018-12-27,,,,,0,VIX
2018-12-28,,,,,0,VIX
2018-12-31,,,,,0,VIX
2019-01-02,,,,,0,VIX
2019-01-03,,,,,0,VIX
2019-01-04,,,,,0,VIX
2019-01-07,,,,,0,VIX
2019-01-08,,,,,0,VIX
2019-01-09,,,,,0,VIX
2019-01-10,,,,,0,VIX
2019-01-11,,,,,0,VIX
2019-01-14,,,,,0,VIX
2019-01-15,,,,,0,VIX
2019-01-16,,,,,0,VIX
2019-01-17,,,,,0,VIX
2019-01-18,,,,,0,VIX
2019-01-22,,,,,0,VIX
2019-01-23,,,,,0,VIX
2019-01-24,,,,,0,VIX
2019-01-25,,,,,0,VIX
2019-01-28,,,,,0,VIX
2019-01-29,,,,,0,VIX
2019-01-30,,,,,0,VIX
2019-01-31,,,,,0,VIX
2019-02-01,,,,,0,VIX
2019-02-04,,,,,0,VIX
2019-02-05,,,,,0,VIX
2019-02-06,,,,,0,VIX
2019-02-07,,,,,0,VIX
2019-02-08,,,,,0,VIX
2019-02-11,,,,,0,VIX
2019-02-12,,,,,0,VIX
2019-02-13,,,,,0,VIX
2019-02-14,,,,,0,VIX
2019-02-15,,,,,0,VIX
2019-02-19,,,,,0,VIX
2019-02-20,,,,,0,VIX
2019-02-21,,,,,0,VIX
2019-02-22,,,,,0,VIX
2019-02-25,,,,,0,VIX
2019-02-26,,,,,0,VIX
2019-02-27,,,,,0,VIX
2019-02-28,,,,,0,VIX
2019-03-01,,,,,0,VIX
2019-03-04,,,,,0,VIX
2019-03-05,,,,,0,VIX
2019-03-06,,,,,0,VIX
2019-03-07,,,,,0,VIX
2019-03-08,,,,,0,VIX
2019-03-11,,,,,0,VIX
2019-03-12,,,,,0,VIX
2019-03-13,,,,,0,VIX
2019-03-14,,,,,0,VIX
2019-03-15,,,,,0,VIX
2019-03-18,,,,,0,VIX
2019-03-19,,,,,0,VIX
2019-03-20,,,,,0,VIX
2019-03-21,,,,,0,VIX
2019-03-22,,,,,0,VIX
2019-03-25,,,,,0,VIX
2019-03-26,,,,,0,VIX
2019-03-27,,,,,0,VIX
2019-03-28,,,,,0,VIX
2019-03-29,,,,,0,VIX
2019-04-01,,,,,0,VIX
2019-04-02,,,,,0,VIX
2019-04-03,,,,,0,VIX
2019-04-04,,,,,0,VIX
2019-04-05,,,,,0,VIX
2019-04-08,,,,,0,VIX
2019-04-09,,,,,0,VIX
2019-04-10,,,,,0,VIX
2019-04-11,,,,,0,VIX
2019-04-12,,,,,0,VIX
2019-04-15,,,,,0,VIX
2019-04-16,,,,,0,VIX
2019-04-17,,,,,0,VIX
2019-04-18,,,,,0,VIX
2019-04-22,,,,,0,VIX
2019-04-23,,,,,0,VIX
2019-04-24,,,,,0,VIX
2019-04-25,,,,,0,VIX
2019-04-26,,,,,0,VIX
2019-04-29,,,,,0,VIX
2019-04-30,,,,,0,VIX
2019-05-01,,,,,0,VIX
2019-05-02,,,,,0,VIX
2019-05-03,,,,,0,VIX
2019-05-06,,,,,0,VIX
2019-05-07,,,,,0,VIX
2019-05-08,,,,,0,VIX
2019-05-09,,,,,0,VIX
2019-05-10,,,,,0,VIX
2019-05-13,,,,,0,VIX
2019-05-14,,,,,0,VIX
2019-05-15,,,,,0,VIX
2019-05-16,,,,,0,VIX
2019-05-17,,,,,0,VIX
2019-05-20,,,,,0,VIX
2019-05-21,,,,,0,VIX
2019-05-22,,,,,0,VIX
2019-05-23,,,,,0,VIX
2019-05-24,,,,,0,VIX
2019-05-28,,,,,0,VIX
2019-05-29,,,,,0,VIX
2019-05-30,,,,,0,VIX
2019-05-31,,,,,0,VIX
2019-06-03,,,,,0,VIX
2019-06-04,,,,,0,VIX
2019-06-05,,,,,0,VIX
2019-06-06,,,,,0,VIX
2019-06-07,,,,,0,VIX
2019-06-10,,,,,0,VIX
2019-06-11,,,,,0,VIX
2019-06-12,,,,,0,VIX
2019-06-13,,,,,0,VIX
2019-06-14,,,,,0,VIX
2019-06-17,,,,,0,VIX
2019-06-18,,,,,0,VIX
2019-06-19,,,,,0,VIX
2019-06-20,,,,,0,VIX
2019-06-21,,,,,0,VIX
2019-06-24,,,,,0,VIX
2019-06-25,,,,,0,VIX
2019-06-26,,,,,0,VIX
2019-06-27,,,,,0,VIX
2019-06-28,,,,,0,VIX
2019-07-01,,,,,0,VIX
2019-07-02,,,,,0,VIX
2019-07-03,,,,,0,VIX
2019-07-05,,,,,0,VIX
2019-07-08,,,,,0,VIX
2019-07-09,,,,,0,VIX
2019-07-10,,,,,0,VIX
2019-07-11,,,,,0,VIX
2019-07-12,,,,,0,VIX
2019-07-15,,,,,0,VIX
2019-07-16,,,,,0,VIX
2019-07-17,,,,,0,VIX
2019-07-18,,,,,0,VIX
2019-07-19,,,,,0,VIX
2019-07-22,,,,,0,VIX
2019-07-23,,,,,0,VIX
2019-07-24,,,,,0,VIX
2019-07-25,,,,,0,VIX
2019-07-26,,,,,0,VIX
2019-07-29,,,,,0,VIX
2019-07-30,,,,,0,VIX
2019-07-31,,,,,0,VIX
2019-08-01,,,,,0,VIX
2019-08-02,,,,,0,VIX
2019-08-05,,,,,0,VIX
2019-08-06,,,,,0,VIX
2019-08-07,,,,,0,VIX
2019-08-08,,,,,0,VIX
2019-08-09,,,,,0,VIX
2019-08-12,,,,,0,VIX
2019-08-13,,,,,0,VIX
2019-08-14,,,,,0,VIX
2019-08-15,,,,,0,VIX
2019-08-16,,,,,0,VIX
2019-08-19,,,,,0,VIX
2019-08-20,,,,,0,VIX
2019-08-21,,,,,0,VIX
2019-08-22,,,,,0,VIX
2019-08-23,,,,,0,VIX
2019-08-26,,,,,0,VIX
2019-08-27,,,,,0,VIX
2019-08-28,,,,,0,VIX
2019-08-29,,,,,0,VIX
2019-08-30,,,,,0,VIX
2019-09-03,,,,,0,VIX
2019-09-04,,,,,0,VIX
2019-09-05,,,,,0,VIX
2019-09-06,,,,,0,VIX
2019-09-09,,,,,0,VIX
2019-09-10,,,,,0,VIX
2019-09-11,,,,,0,VIX
2019-09-12,,,,,0,VIX
2019-09-13,,,,,0,VIX
2019-09-16,,,,,0,VIX
2019-09-17,,,,,0,VIX
2019-09-18,,,,,0,VIX
2019-09-19,,,,,0,VIX
2019-09-20,,,,,0,VIX
2019-09-23,,,,,0,VIX
2019-09-24,,,,,0,VIX
2019-09-25,,,,,0,VIX
2019-09-26,,,,,0,VIX
2019-09-27,,,,,0,VIX
2019-09-30,,,,,0,VIX
2019-10-01,,,,,0,VIX
2019-10-02,,,,,0,VIX
2019-10-03,,,,,0,VIX
2019-10-04,,,,,0,VIX
2019-10-07,,,,,0,VIX
2019-10-08,,,,,0,VIX
2019-10-09,,,,,0,VIX
2019-10-10,,,,,0,VIX
2019-10-11,,,,,0,VIX
2019-10-14,,,,,0,VIX
2019-10-15,,,,,0,VIX
2019-10-16,,,,,0,VIX
2019-10-17,,,,,0,VIX
2019-10-18,,,,,0,VIX
2019-10-21,,,,,0,VIX
2019-10-22,,,,,0,VIX
2019-10-23,,,,,0,VIX
2019-10-24,,,,,0,VIX
2019-10-25,,,,,0,VIX
2019-10-28,,,,,0,VIX
2019-10-29,,,,,0,VIX
2019-10-30,,,,,0,VIX
2019-10-31,,,,,0,VIX
2019-11-01,,,,,0,VIX
2019-11-04,,,,,0,VIX
2019-11-05,,,,,0,VIX
2019-11-06,,,,,0,VIX
2019-11-07,,,,,0,VIX
2019-11-08,,,,,0,VIX
2019-11-11,,,,,0,VIX
2019-11-12,,,,,0,VIX
2019-11-13,,,,,0,VIX
2019-11-14,,,,,0,VIX
2019-11-15,,,,,0,VIX
2019-11-18,,,,,0,VIX
2019-11-19,,,,,0,VIX
2019-11-20,,,,,0,VIX
2019-11-21,,,,,0,VIX
2019-11-22,,,,,0,VIX
2019-11-25,,,,,0,VIX
2019-11-26,,,,,0,VIX
2019-11-27,,,,,0,VIX
2019-11-29,,,,,0,VIX
2019-12-02,,,,,0,VIX
2019-12-03,,,,,0,VIX
2019-12-04,,,,,0,VIX
2019-12-05,,,,,0,VIX
2019-12-06,,,,,0,VIX
2019-12-09,,,,,0,VIX
2019-12-10,,,,,0,VIX
2019-12-11,,,,,0,VIX
2019-12-12,,,,,0,VIX
2019-12-13,,,,,0,VIX
2019-12-16,,,,,0,VIX
2019-12-17,,,,,0,VIX
2019-12-18,,,,,0,VIX
2019-12-19,,,,,0,VIX
2019-12-20,,,,,0,VIX
2019-12-23,,,,,0,VIX
2019-12-24,,,,,0,VIX
2019-12-26,,,,,0,VIX
2019-12-27,,,,,0,VIX
2019-12-30,,,,,0,VIX
2019-12-31,,,,,0,VIX
2020-01-02,,,,,0,VIX
2020-01-03,,,,,0,VIX
2020-01-06,,,,,0,VIX
2020-01-07,,,,,0,VIX
2020-01-08,,,,,0,VIX
2020-01-09,,,,,0,VIX
2020-01-10,,,,,0,VIX
2020-01-13,,,,,0,VIX
2020-01-14,,,,,0,VIX
2020-01-15,,,,,0,VIX
2020-01-16,,,,,0,VIX
2020-01-17,,,,,0,VIX
2020-01-21,,,,,0,VIX
2020-01-22,,,,,0,VIX
2020-01-23,,,,,0,VIX
2020-01-24,,,,,0,VIX
2020-01-27,,,,,0,VIX
2020-01-28,,,,,0,VIX
2020-01-29,,,,,0,VIX
2020-01-30,,,,,0,VIX
2020-01-31,,,,,0,VIX
2020-02-03,,,,,0,VIX
2020-02-04,,,,,0,VIX
2020-02-05,,,,,0,VIX
2020-02-06,,,,,0,VIX
2020-02-07,,,,,0,VIX
2020-02-10,,,,,0,VIX
2020-02-11,,,,,0,VIX
2020-02-12,,,,,0,VIX
2020-02-13,,,,,0,VIX
2020-02-14,,,,,0,VIX
2020-02-18,,,,,0,VIX
2020-02-19,,,,,0,VIX
2020-02-20,,,,,0,VIX
2020-02-21,,,,,0,VIX
2020-02-24,,,,,0,VIX
2020-02-25,,,,,0,VIX
2020-02-26,,,,,0,VIX
2020-02-27,,,,,0,VIX
2020-02-28,,,,,0,VIX
2020-03-02,,,,,0,VIX
2020-03-03,,,,,0,VIX
2020-03-04,,,,,0,VIX
2020-03-05,,,,,0,VIX
2020-03-06,,,,,0,VIX
2020-03-09,,,,,0,VIX
2020-03-10,,,,,0,VIX
2020-03-11,,,,,0,VIX
2020-03-12,,,,,0,VIX
2020-03-13,,,,,0,VIX
2020-03-16,,,,,0,VIX
2020-03-17,,,,,0,VIX
2020-03-18,,,,,0,VIX
2020-03-19,,,,,0,VIX
2020-03-20,,,,,0,VIX
2020-03-23,,,,,0,VIX
2020-03-24,,,,,0,VIX
2020-03-25,,,,,0,VIX
2020-03-26,,,,,0,VIX
2020-03-27,,,,,0,VIX
2020-03-30,,,,,0,VIX
2020-03-31,,,,,0,VIX
2020-04-01,,,,,0,VIX
2020-04-02,,,,,0,VIX
2020-04-03,,,,,0,VIX
2020-04-06,,,,,0,VIX
2020-04-07,,,,,0,VIX
2020-04-08,,,,,0,VIX
2020-04-09,,,,,0,VIX
2020-04-13,,,,,0,VIX
2020-04-14,,,,,0,VIX
2020-04-15,,,,,0,VIX
2020-04-16,,,,,0,VIX
2020-04-17,,,,,0,VIX
2020-04-20,,,,,0,VIX
2020-04-21,,,,,0,VIX
2020-04-22,,,,,0,VIX
2020-04-23,,,,,0,VIX
2020-04-24,,,,,0,VIX
2020-04-27,,,,,0,VIX
2020-04-28,,,,,0,VIX
2020-04-29,,,,,0,VIX
2020-04-30,,,,,0,VIX
2020-05-01,,,,,0,VIX
2020-05-04,,,,,0,VIX
2020-05-05,,,,,0,VIX
2020-05-06,,,,,0,VIX
2020-05-07,,,,,0,VIX
2020-05-08,,,,,0,VIX
2020-05-11,,,,,0,VIX
2020-05-12,,,,,0,VIX
2020-05-13,,,,,0,VIX
2020-05-14,,,,,0,VIX
2020-05-15,,,,,0,VIX
2020-05-18,,,,,0,VIX
2020-05-19,,,,,0,VIX
2020-05-20,,,,,0,VIX
2020-05-21,,,,,0,VIX
2020-05-22,,,,,0,VIX
2020-05-26,,,,,0,VIX
2020-05-27,,,,,0,VIX
2020-05-28,,,,,0,VIX
2020-05-29,,,,,0,VIX
2020-06-01,,,,,0,VIX
2020-06-02,,,,,0,VIX
2020-06-03,,,,,0,VIX
2020-06-04,,,,,0,VIX
2020-06-05,,,,,0,VIX
2020-06-08,,,,,0,VIX
2020-06-09,,,,,0,VIX
2020-06-10,,,,,0,VIX
2020-06-11,,,,,0,VIX
2020-06-12,,,,,0,VIX
2020-06-15,,,,,0,VIX
2020-06-16,,,,,0,VIX
2020-06-17,,,,,0,VIX
2020-06-18,,,,,0,VIX
2020-06-19,,,,,0,VIX
2020-06-22,,,,,0,VIX
2020-06-23,,,,,0,VIX
2020-06-24,,,,,0,VIX
2020-06-25,,,,,0,VIX
2020-06-26,,,,,0,VIX
2020-06-29,,,,,0,VIX
2020-06-30,,,,,0,VIX
2020-07-01,,,,,0,VIX
2020-07-02,,,,,0,VIX
2020-07-06,,,,,0,VIX
2020-07-07,,,,,0,VIX
2020-07-08,,,,,0,VIX
2020-07-09,,,,,0,VIX
2020-07-10,,,,,0,VIX
2020-07-13,,,,,0,VIX
2020-07-14,,,,,0,VIX
2020-07-15,,,,,0,VIX
2020-07-16,,,,,0,VIX
2020-07-17,,,,,0,VIX
2020-07-20,,,,,0,VIX
2020-07-21,,,,,0,VIX
2020-07-22,,,,,0,VIX
2020-07-23,,,,,0,VIX
2020-07-24,,,,,0,VIX
2020-07-27,,,,,0,VIX
2020-07-28,,,,,0,VIX
2020-07-29,,,,,0,VIX
2020-07-30,,,,,0,VIX
2020-07-31,,,,,0,VIX
2020-08-03,,,,,0,VIX
2020-08-04,,,,,0,VIX
2020-08-05,,,,,0,VIX
2020-08-06,,,,,0,VIX
2020-08-07,,,,,0,VIX
2020-08-10,,,,,0,VIX
2020-08-11,,,,,0,VIX
2020-08-12,,,,,0,VIX
2020-08-13,,,,,0,VIX
2020-08-14,,,,,0,VIX
2020-08-17,,,,,0,VIX
2020-08-18,,,,,0,VIX
2020-08-19,,,,,0,VIX
2020-08-20,,,,,0,VIX
2020-08-21,,,,,0,VIX
2020-08-24,,,,,0,VIX
2020-08-25,,,,,0,VIX
2020-08-26,,,,,0,VIX
2020-08-27,,,,,0,VIX
2020-08-28,,,,,0,VIX
2020-08-31,,,,,0,VIX
2020-09-01,,,,,0,VIX
2020-09-02,,,,,0,VIX
2020-09-03,,,,,0,VIX
2020-09-04,,,,,0,VIX
2020-09-08,,,,,0,VIX
2020-09-09,,,,,0,VIX
2020-09-10,,,,,0,VIX
2020-09-11,,,,,0,VIX
2020-09-14,,,,,0,VIX
2020-09-15,,,,,0,VIX
2020-09-16,,,,,0,VIX
2020-09-17,,,,,0,VIX
2020-09-18,,,,,0,VIX
2020-09-21,,,,,0,VIX
2020-09-22,,,,,0,VIX
2020-09-23,,,,,0,VIX
2020-09-24,,,,,0,VIX
2020-09-25,,,,,0,VIX
2020-09-28,,,,,0,VIX
2020-09-29,,,,,0,VIX
2020-09-30,,,,,0,VIX
2020-10-01,,,,,0,VIX
2020-10-02,,,,,0,VIX
2020-10-05,,,,,0,VIX
2020-10-06,,,,,0,VIX
2020-10-07,,,,,0,VIX
2020-10-08,,,,,0,VIX
2020-10-09,,,,,0,VIX
2020-10-12,,,,,0,VIX
2020-10-13,,,,,0,VIX
2020-10-14,,,,,0,VIX
2020-10-15,,,,,0,VIX
2020-10-16,,,,,0,VIX
2020-10-19,,,,,0,VIX
2020-10-20,,,,,0,VIX
2020-10-21,,,,,0,VIX
2020-10-22,,,,,0,VIX
2020-10-23,,,,,0,VIX
2020-10-26,,,,,0,VIX
2020-10-27,,,,,0,VIX
2020-10-28,,,,,0,VIX
2020-10-29,,,,,0,VIX
2020-10-30,,,,,0,VIX
2020-11-02,,,,,0,VIX
2020-11-03,,,,,0,VIX
2020-11-04,,,,,0,VIX
2020-11-05,,,,,0,VIX
2020-11-06,,,,,0,VIX
2020-11-09,,,,,0,VIX
2020-11-10,,,,,0,VIX
2020-11-11,,,,,0,VIX
2020-11-12,,,,,0,VIX
2020-11-13,,,,,0,VIX
2020-11-16,,,,,0,VIX
2020-11-17,,,,,0,VIX
2020-11-18,,,,,0,VIX
2020-11-19,,,,,0,VIX
2020-11-20,,,,,0,VIX
2020-11-23,,,,,0,VIX
2020-11-24,,,,,0,VIX
2020-11-25,,,,,0,VIX
2020-11-27,,,,,0,VIX
2020-11-30,,,,,0,VIX
2020-12-01,,,,,0,VIX
2020-12-02,,,,,0,VIX
2020-12-03,,,,,0,VIX
2020-12-04,,,,,0,VIX
2020-12-07,,,,,0,VIX
2020-12-08,,,,,0,VIX
2020-12-09,,,,,0,VIX
2020-12-10,,,,,0,VIX
2020-12-11,,,,,0,VIX
2020-12-14,,,,,0,VIX
2020-12-15,,,,,0,VIX
2020-12-16,,,,,0,VIX
2020-12-17,,,,,0,VIX
2020-12-18,,,,,0,VIX
2020-12-21,,,,,0,VIX
2020-12-22,,,,,0,VIX
2020-12-23,,,,,0,VIX
2020-12-24,,,,,0,VIX
2020-12-28,,,,,0,VIX
2020-12-29,,,,,0,VIX
2020-12-30,,,,,0,VIX
2020-12-31,,,,,0,VIX
2021-01-04,,,,,0,VIX
2021-01-05,,,,,0,VIX
2021-01-06,,,,,0,VIX
2021-01-07,,,,,0,VIX
2021-01-08,,,,,0,VIX
2021-01-11,,,,,0,VIX
2021-01-12,,,,,0,VIX
2021-01-13,,,,,0,VIX
2021-01-14,,,,,0,VIX
2021-01-15,,,,,0,VIX
2021-01-19,,,,,0,VIX
2021-01-20,,,,,0,VIX
2021-01-21,,,,,0,VIX
2021-01-22,,,,,0,VIX
2021-01-25,,,,,0,VIX
2021-01-26,,,,,0,VIX
2021-01-27,,,,,0,VIX
2021-01-28,,,,,0,VIX
2021-01-29,,,,,0,VIX
2021-02-01,,,,,0,VIX
2021-02-02,,,,,0,VIX
2021-02-03,,,,,0,VIX
2021-02-04,,,,,0,VIX
2021-02-05,,,,,0,VIX
2021-02-08,,,,,0,VIX
2021-02-09,,,,,0,VIX
2021-02-10,,,,,0,VIX
2021-02-11,,,,,0,VIX
2021-02-12,,,,,0,VIX
2021-02-16,,,,,0,VIX
2021-02-17,,,,,0,VIX
2021-02-18,,,,,0,VIX
2021-02-19,,,,,0,VIX
2021-02-22,,,,,0,VIX
2021-02-23,,,,,0,VIX
2021-02-24,,,,,0,VIX
2021-02-25,,,,,0,VIX
2021-02-26,,,,,0,VIX
2021-03-01,,,,,0,VIX
2021-03-02,,,,,0,VIX
2021-03-03,,,,,0,VIX
2021-03-04,,,,,0,VIX
2021-03-05,,,,,0,VIX
2021-03-08,,,,,0,VIX
2021-03-09,,,,,0,VIX
2021-03-10,,,,,0,VIX
2021-03-11,,,,,0,VIX
2021-03-12,,,,,0,VIX
2021-03-15,,,,,0,VIX
2021-03-16,,,,,0,VIX
2021-03-17,,,,,0,VIX
2021-03-18,,,,,0,VIX
2021-03-19,,,,,0,VIX
2021-03-22,,,,,0,VIX
2021-03-23,,,,,0,VIX
2021-03-24,,,,,0,VIX
2021-03-25,,,,,0,VIX
2021-03-26,,,,,0,VIX
2021-03-29,,,,,0,VIX
2021-03-30,,,,,0,VIX
2021-03-31,,,,,0,VIX
2021-04-01,,,,,0,VIX
2021-04-05,,,,,0,VIX
2021-04-06,,,,,0,VIX
2021-04-07,,,,,0,VIX
2021-04-08,,,,,0,VIX
2021-04-09,,,,,0,VIX
2021-04-12,,,,,0,VIX
2021-04-13,,,,,0,VIX
2021-04-14,,,,,0,VIX
2021-04-15,,,,,0,VIX
2021-04-16,,,,,0,VIX
2021-04-19,,,,,0,VIX
2021-04-20,,,,,0,VIX
2021-04-21,,,,,0,VIX
2021-04-22,,,,,0,VIX
2021-04-23,,,,,0,VIX
2021-04-26,,,,,0,VIX
2021-04-27,,,,,0,VIX
2021-04-28,,,,,0,VIX
2021-04-29,,,,,0,VIX
2021-04-30,,,,,0,VIX
2021-05-03,,,,,0,VIX
2021-05-04,,,,,0,VIX
2021-05-05,,,,,0,VIX
2021-05-06,,,,,0,VIX
2021-05-07,,,,,0,VIX
2021-05-10,,,,,0,VIX
2021-05-11,,,,,0,VIX
2021-05-12,,,,,0,VIX
2021-05-13,,,,,0,VIX
2021-05-14,,,,,0,VIX
2021-05-17,,,,,0,VIX
2021-05-18,,,,,0,VIX
2021-05-19,,,,,0,VIX
2021-05-20,,,,,0,VIX
2021-05-21,,,,,0,VIX
2021-05-24,,,,,0,VIX
2021-05-25,,,,,0,VIX
2021-05-26,,,,,0,VIX
2021-05-27,,,,,0,VIX
2021-05-28,,,,,0,VIX
2021-06-01,,,,,0,VIX
2021-06-02,,,,,0,VIX
2021-06-03,,,,,0,VIX
2021-06-04,,,,,0,VIX
2021-06-07,,,,,0,VIX
2021-06-08,,,,,0,VIX
2021-06-09,,,,,0,VIX
2021-06-10,,,,,0,VIX
2021-06-11,,,,,0,VIX
2021-06-14,,,,,0,VIX
2021-06-15,,,,,0,VIX
2021-06-16,,,,,0,VIX
2021-06-17,,,,,0,VIX
2021-06-18,,,,,0,VIX
2021-06-21,,,,,0,VIX
2021-06-22,,,,,0,VIX
2021-06-23,,,,,0,VIX
2021-06-24,,,,,0,VIX
2021-06-25,,,,,0,VIX
2021-06-28,,,,,0,VIX
2021-06-29,,,,,0,VIX
2021-06-30,,,,,0,VIX
2021-07-01,,,,,0,VIX
2021-07-02,,,,,0,VIX
2021-07-06,,,,,0,VIX
2021-07-07,,,,,0,VIX
2021-07-08,,,,,0,VIX
2021-07-09,,,,,0,VIX
2021-07-12,,,,,0,VIX
2021-07-13,,,,,0,VIX
2021-07-14,,,,,0,VIX
2021-07-15,,,,,0,VIX
2021-07-16,,,,,0,VIX
2021-07-19,,,,,0,VIX
2021-07-20,,,,,0,VIX
2021-07-21,,,,,0,VIX
2021-07-22,,,,,0,VIX
2021-07-23,,,,,0,VIX
2021-07-26,,,,,0,VIX
2021-07-27,,,,,0,VIX
2021-07-28,,,,,0,VIX
2021-07-29,,,,,0,VIX
2021-07-30,,,,,0,VIX
2021-08-02,,,,,0,VIX
2021-08-03,,,,,0,VIX
2021-08-04,,,,,0,VIX
2021-08-05,,,,,0,VIX
2021-08-06,,,,,0,VIX
2021-08-09,,,,,0,VIX
2021-08-10,,,,,0,VIX
2021-08-11,,,,,0,VIX
2021-08-12,,,,,0,VIX
2021-08-13,,,,,0,VIX
2021-08-16,,,,,0,VIX
2021-08-17,,,,,0,VIX
2021-08-18,,,,,0,VIX
2021-08-19,,,,,0,VIX
2021-08-20,,,,,0,VIX
2021-08-23,,,,,0,VIX
2021-08-24,,,,,0,VIX
2021-08-25,,,,,0,VIX
2021-08-26,,,,,0,VIX
2021-08-27,,,,,0,VIX
2021-08-30,,,,,0,VIX
2021-08-31,,,,,0,VIX
2021-09-01,,,,,0,VIX
2021-09-02,,,,,0,VIX
2021-09-03,,,,,0,VIX
2021-09-07,,,,,0,VIX
2021-09-08,,,,,0,VIX
2021-09-09,,,,,0,VIX
2021-09-10,,,,,0,VIX
2021-09-13,,,,,0,VIX
2021-09-14,,,,,0,VIX
2021-09-15,,,,,0,VIX
2021-09-16,,,,,0,VIX
2021-09-17,,,,,0,VIX
2021-09-20,,,,,0,VIX
2021-09-21,,,,,0,VIX
2021-09-22,,,,,0,VIX
2021-09-23,,,,,0,VIX
2021-09-24,,,,,0,VIX
2021-09-27,,,,,0,VIX
2021-09-28,,,,,0,VIX
2021-09-29,,,,,0,VIX
2021-09-30,,,,,0,VIX
2021-10-01,,,,,0,VIX
2021-10-04,,,,,0,VIX
2021-10-05,,,,,0,VIX
2021-10-06,,,,,0,VIX
2021-10-07,,,,,0,VIX
2021-10-08,,,,,0,VIX
2021-10-11,,,,,0,VIX
2021-10-12,,,,,0,VIX
2021-10-13,,,,,0,VIX
2021-10-14,,,,,0,VIX
2021-10-15,,,,,0,VIX
2021-10-18,,,,,0,VIX
2021-10-19,,,,,0,VIX
2021-10-20,,,,,0,VIX
2021-10-21,,,,,0,VIX
2021-10-22,,,,,0,VIX
2021-10-25,,,,,0,VIX
2021-10-26,,,,,0,VIX
2021-10-27,,,,,0,VIX
2021-10-28,,,,,0,VIX
2021-10-29,,,,,0,VIX
2021-11-01,,,,,0,VIX
2021-11-02,,,,,0,VIX
2021-11-03,,,,,0,VIX
2021-11-04,,,,,0,VIX
2021-11-05,,,,,0,VIX
2021-11-08,,,,,0,VIX
2021-11-09,,,,,0,VIX
2021-11-10,,,,,0,VIX
2021-11-11,,,,,0,VIX
2021-11-12,,,,,0,VIX
2021-11-15,,,,,0,VIX
2021-11-16,,,,,0,VIX
2021-11-17,,,,,0,VIX
2021-11-18,,,,,0,VIX
2021-11-19,,,,,0,VIX
2021-11-22,,,,,0,VIX
2021-11-23,,,,,0,VIX
2021-11-24,,,,,0,VIX
2021-11-26,,,,,0,VIX
2021-11-29,,,,,0,VIX
2021-11-30,,,,,0,VIX
2021-12-01,,,,,0,VIX
2021-12-02,,,,,0,VIX
2021-12-03,,,,,0,VIX
2021-12-06,,,,,0,VIX
2021-12-07,,,,,0,VIX
2021-12-08,,,,,0,VIX
2021-12-09,,,,,0,VIX
2021-12-10,,,,,0,VIX
2021-12-13,,,,,0,VIX
2021-12-14,,,,,0,VIX
2021-12-15,,,,,0,VIX
2021-12-16,,,,,0,VIX
2021-12-17,,,,,0,VIX
2021-12-20,,,,,0,VIX
2021-12-21,,,,,0,VIX
2021-12-22,,,,,0,VIX
2021-12-23,,,,,0,VIX
2021-12-27,,,,,0,VIX
2021-12-28,,,,,0,VIX
2021-12-29,,,,,0,VIX
2021-12-30,,,,,0,VIX
2021-12-31,,,,,0,VIX
2022-01-03,,,,,0,VIX
2022-01-04,,,,,0,VIX
2022-01-05,,,,,0,VIX
2022-01-06,,,,,0,VIX
2022-01-07,,,,,0,VIX
2022-01-10,,,,,0,VIX
2022-01-11,,,,,0,VIX
2022-01-12,,,,,0,VIX
2022-01-13,,,,,0,VIX
2022-01-14,,,,,0,VIX
2022-01-18,,,,,0,VIX
2022-01-19,,,,,0,VIX
2022-01-20,,,,,0,VIX
2022-01-21,,,,,0,VIX
2022-01-24,,,,,0,VIX
2022-01-25,,,,,0,VIX
2022-01-26,,,,,0,VIX
2022-01-27,,,,,0,VIX
2022-01-28,,,,,0,VIX
2022-01-31,,,,,0,VIX
2022-02-01,,,,,0,VIX
2022-02-02,,,,,0,VIX
2022-02-03,,,,,0,VIX
2022-02-04,,,,,0,VIX
2022-02-07,,,,,0,VIX
2022-02-08,,,,,0,VIX
2022-02-09,,,,,0,VIX
2022-02-10,,,,,0,VIX
2022-02-11,,,,,0,VIX
2022-02-14,,,,,0,VIX
2022-02-15,,,,,0,VIX
2022-02-16,,,,,0,VIX
2022-02-17,,,,,0,VIX
2022-02-18,,,,,0,VIX
2022-02-22,,,,,0,VIX
2022-02-23,,,,,0,VIX
2022-02-24,,,,,0,VIX
2022-02-25,,,,,0,VIX
2022-02-28,,,,,0,VIX
2022-03-01,,,,,0,VIX
2022-03-02,,,,,0,VIX
2022-03-03,,,,,0,VIX
2022-03-04,,,,,0,VIX
2022-03-07,,,,,0,VIX
2022-03-08,,,,,0,VIX
2022-03-09,,,,,0,VIX
2022-03-10,,,,,0,VIX
2022-03-11,,,,,0,VIX
2022-03-14,,,,,0,VIX
2022-03-15,,,,,0,VIX
2022-03-16,,,,,0,VIX
2022-03-17,,,,,0,VIX
2022-03-18,,,,,0,VIX
2022-03-21,,,,,0,VIX
2022-03-22,,,,,0,VIX
2022-03-23,,,,,0,VIX
2022-03-24,,,,,0,VIX
2022-03-25,,,,,0,VIX
2022-03-28,,,,,0,VIX
2022-03-29,,,,,0,VIX
2022-03-30,,,,,0,VIX
2022-03-31,,,,,0,VIX
2022-04-01,,,,,0,VIX
2022-04-04,,,,,0,VIX
2022-04-05,,,,,0,VIX
2022-04-06,,,,,0,VIX
2022-04-07,,,,,0,VIX
2022-04-08,,,,,0,VIX
2022-04-11,,,,,0,VIX
2022-04-12,,,,,0,VIX
2022-04-13,,,,,0,VIX
2022-04-14,,,,,0,VIX
2022-04-18,,,,,0,VIX
2022-04-19,,,,,0,VIX
2022-04-20,,,,,0,VIX
2022-04-21,,,,,0,VIX
2022-04-22,,,,,0,VIX
2022-04-25,,,,,0,VIX
2022-04-26,,,,,0,VIX
2022-04-27,,,,,0,VIX
2022-04-28,,,,,0,VIX
2022-04-29,,,,,0,VIX
2022-05-02,,,,,0,VIX
2022-05-03,,,,,0,VIX
2022-05-04,,,,,0,VIX
2022-05-05,,,,,0,VIX
2022-05-06,,,,,0,VIX
2022-05-09,,,,,0,VIX
2022-05-10,,,,,0,VIX
2022-05-11,,,,,0,VIX
2022-05-12,,,,,0,VIX
2022-05-13,,,,,0,VIX
2022-05-16,,,,,0,VIX
2022-05-17,,,,,0,VIX
2022-05-18,,,,,0,VIX
2022-05-19,,,,,0,VIX
2022-05-20,,,,,0,VIX
2022-05-23,,,,,0,VIX
2022-05-24,,,,,0,VIX
2022-05-25,,,,,0,VIX
2022-05-26,,,,,0,VIX
2022-05-27,,,,,0,VIX
2022-05-31,,,,,0,VIX
2022-06-01,,,,,0,VIX
2022-06-02,,,,,0,VIX
2022-06-03,,,,,0,VIX
2022-06-06,,,,,0,VIX
2022-06-07,,,,,0,VIX
2022-06-08,,,,,0,VIX
2022-06-09,,,,,0,VIX
2022-06-10,,,,,0,VIX
2022-06-13,,,,,0,VIX
2022-06-14,,,,,0,VIX
2022-06-15,,,,,0,VIX
2022-06-16,,,,,0,VIX
2022-06-17,,,,,0,VIX
2022-06-21,,,,,0,VIX
2022-06-22,,,,,0,VIX
2022-06-23,,,,,0,VIX
2022-06-24,,,,,0,VIX
2022-06-27,,,,,0,VIX
2022-06-28,,,,,0,VIX
2022-06-29,,,,,0,VIX
2022-06-30,,,,,0,VIX
2022-07-01,,,,,0,VIX
2022-07-05,,,,,0,VIX
2022-07-06,,,,,0,VIX
2022-07-07,,,,,0,VIX
2022-07-08,,,,,0,VIX
2022-07-11,,,,,0,VIX
2022-07-12,,,,,0,VIX
2022-07-13,,,,,0,VIX
2022-07-14,,,,,0,VIX
2022-07-15,,,,,0,VIX
2022-07-18,,,,,0,VIX
2022-07-19,,,,,0,VIX
2022-07-20,,,,,0,VIX
2022-07-21,,,,,0,VIX
2022-07-22,,,,,0,VIX
2022-07-25,,,,,0,VIX
2022-07-26,,,,,0,VIX
2022-07-27,,,,,0,VIX
2022-07-28,,,,,0,VIX
2022-07-29,,,,,0,VIX
2022-08-01,,,,,0,VIX
2022-08-02,,,,,0,VIX
2022-08-03,,,,,0,VIX
2022-08-04,,,,,0,VIX
2022-08-05,,,,,0,VIX
2022-08-08,,,,,0,VIX
2022-08-09,,,,,0,VIX
2022-08-10,,,,,0,VIX
2022-08-11,,,,,0,VIX
2022-08-12,,,,,0,VIX
2022-08-15,,,,,0,VIX
2022-08-16,,,,,0,VIX
2022-08-17,,,,,0,VIX
2022-08-18,,,,,0,VIX
2022-08-19,,,,,0,VIX
2022-08-22,,,,,0,VIX
2022-08-23,,,,,0,VIX
2022-08-24,,,,,0,VIX
2022-08-25,,,,,0,VIX
2022-08-26,,,,,0,VIX
2022-08-29,,,,,0,VIX
2022-08-30,,,,,0,VIX
2022-08-31,,,,,0,VIX
2022-09-01,,,,,0,VIX
2022-09-02,,,,,0,VIX
2022-09-06,,,,,0,VIX
2022-09-07,,,,,0,VIX
2022-09-08,,,,,0,VIX
2022-09-09,,,,,0,VIX
2022-09-12,,,,,0,VIX
2022-09-13,,,,,0,VIX
2022-09-14,,,,,0,VIX
2022-09-15,,,,,0,VIX
2022-09-16,,,,,0,VIX
2022-09-19,,,,,0,VIX
2022-09-20,,,,,0,VIX
2022-09-21,,,,,0,VIX
2022-09-22,,,,,0,VIX
2022-09-23,,,,,0,VIX
2022-09-26,,,,,0,VIX
2022-09-27,,,,,0,VIX
2022-09-28,,,,,0,VIX
2022-09-29,,,,,0,VIX
2022-09-30,,,,,0,VIX
2022-10-03,,,,,0,VIX
2022-10-04,,,,,0,VIX
2022-10-05,,,,,0,VIX
2022-10-06,,,,,0,VIX
2022-10-07,,,,,0,VIX
2022-10-10,,,,,0,VIX
2022-10-11,,,,,0,VIX
2022-10-12,,,,,0,VIX
2022-10-13,,,,,0,VIX
2022-10-14,,,,,0,VIX
2022-10-17,,,,,0,VIX
2022-10-18,,,,,0,VIX
2022-10-19,,,,,0,VIX
2022-10-20,,,,,0,VIX
2022-10-21,,,,,0,VIX
2022-10-24,,,,,0,VIX
2022-10-25,,,,,0,VIX
2022-10-26,,,,,0,VIX
2022-10-27,,,,,0,VIX
2022-10-28,,,,,0,VIX
2022-10-31,,,,,0,VIX
2022-11-01,,,,,0,VIX
2022-11-02,,,,,0,VIX
2022-11-03,,,,,0,VIX
2022-11-04,,,,,0,VIX
2022-11-07,,,,,0,VIX
2022-11-08,,,,,0,VIX
2022-11-09,,,,,0,VIX
2022-11-10,,,,,0,VIX
2022-11-11,,,,,0,VIX
2022-11-14,,,,,0,VIX
2022-11-15,,,,,0,VIX
2022-11-16,,,,,0,VIX
2022-11-17,,,,,0,VIX
2022-11-18,,,,,0,VIX
2022-11-21,,,,,0,VIX
2022-11-22,,,,,0,VIX
2022-11-23,,,,,0,VIX
2022-11-25,,,,,0,VIX
2022-11-28,,,,,0,VIX
2022-11-29,,,,,0,VIX
2022-11-30,,,,,0,VIX
2022-12-01,,,,,0,VIX
2022-12-02,,,,,0,VIX
2022-12-05,,,,,0,VIX
2022-12-06,,,,,0,VIX
2022-12-07,,,,,0,VIX
2022-12-08,,,,,0,VIX
2022-12-09,,,,,0,VIX
2022-12-12,,,,,0,VIX
2022-12-13,,,,,0,VIX
2022-12-14,,,,,0,VIX
2022-12-15,,,,,0,VIX
2022-12-16,,,,,0,VIX
2022-12-19,,,,,0,VIX
2022-12-20,,,,,0,VIX
2022-12-21,,,,,0,VIX
2022-12-22,,,,,0,VIX
2022-12-23,,,,,0,VIX
2022-12-27,,,,,0,VIX
2022-12-28,,,,,0,VIX
2022-12-29,,,,,0,VIX
2022-12-30,,,,,0,VIX
2023-01-03,,,,,0,VIX
2023-01-04,,,,,0,VIX
2023-01-05,,,,,0,VIX
2023-01-06,,,,,0,VIX
2023-01-09,,,,,0,VIX
2023-01-10,,,,,0,VIX
2023-01-11,,,,,0,VIX
2023-01-12,,,,,0,VIX
2023-01-13,,,,,0,VIX
2023-01-17,,,,,0,VIX
2023-01-18,,,,,0,VIX
2023-01-19,,,,,0,VIX
2023-01-20,,,,,0,VIX
2023-01-23,,,,,0,VIX
2023-01-24,,,,,0,VIX
2023-01-25,,,,,0,VIX
2023-01-26,,,,,0,VIX
2023-01-27,,,,,0,VIX
2023-01-30,,,,,0,VIX
2023-01-31,,,,,0,VIX
2023-02-01,,,,,0,VIX
2023-02-02,,,,,0,VIX
2023-02-03,,,,,0,VIX
2023-02-06,,,,,0,VIX
2023-02-07,,,,,0,VIX
2023-02-08,,,,,0,VIX
2023-02-09,,,,,0,VIX
2023-02-10,,,,,0,VIX
2023-02-13,,,,,0,VIX
2023-02-14,,,,,0,VIX
2023-02-15,,,,,0,VIX
2023-02-16,,,,,0,VIX
2023-02-17,,,,,0,VIX
2023-02-21,,,,,0,VIX
2023-02-22,,,,,0,VIX
2023-02-23,,,,,0,VIX
2023-02-24,,,,,0,VIX
2023-02-27,,,,,0,VIX
2023-02-28,,,,,0,VIX
2023-03-01,,,,,0,VIX
2023-03-02,,,,,0,VIX
2023-03-03,,,,,0,VIX
2023-03-06,,,,,0,VIX
2023-03-07,,,,,0,VIX
2023-03-08,,,,,0,VIX
2023-03-09,,,,,0,VIX
2023-03-10,,,,,0,VIX
2023-03-13,,,,,0,VIX
2023-03-14,,,,,0,VIX
2023-03-15,,,,,0,VIX
2023-03-16,,,,,0,VIX
2023-03-17,,,,,0,VIX
2023-03-20,,,,,0,VIX
2023-03-21,,,,,0,VIX
2023-03-22,,,,,0,VIX
2023-03-23,,,,,0,VIX
2023-03-24,,,,,0,VIX
2023-03-27,,,,,0,VIX
2023-03-28,,,,,0,VIX
2023-03-29,,,,,0,VIX
2023-03-30,,,,,0,VIX
2023-03-31,,,,,0,VIX
2023-04-03,,,,,0,VIX
2023-04-04,,,,,0,VIX
2023-04-05,,,,,0,VIX
2023-04-06,,,,,0,VIX
2023-04-10,,,,,0,VIX
2023-04-11,,,,,0,VIX
2023-04-12,,,,,0,VIX
2023-04-13,,,,,0,VIX
2023-04-14,,,,,0,VIX
2023-04-17,,,,,0,VIX
2023-04-18,,,,,0,VIX
2023-04-19,,,,,0,VIX
2023-04-20,,,,,0,VIX
2023-04-21,,,,,0,VIX
2023-04-24,,,,,0,VIX
2023-04-25,,,,,0,VIX
2023-04-26,,,,,0,VIX
2023-04-27,,,,,0,VIX
2023-04-28,,,,,0,VIX
2023-05-01,,,,,0,VIX
2023-05-02,,,,,0,VIX
2023-05-03,,,,,0,VIX
2023-05-04,,,,,0,VIX
2023-05-05,,,,,0,VIX
2023-05-08,,,,,0,VIX
2023-05-09,,,,,0,VIX
2023-05-10,,,,,0,VIX
2023-05-11,,,,,0,VIX
2023-05-12,,,,,0,VIX
2023-05-15,,,,,0,VIX
2023-05-16,,,,,0,VIX
2023-05-17,,,,,0,VIX
2023-05-18,,,,,0,VIX
2023-05-19,,,,,0,VIX
2023-05-22,,,,,0,VIX
2023-05-23,,,,,0,VIX
2023-05-24,,,,,0,VIX
2023-05-25,,,,,0,VIX
2023-05-26,,,,,0,VIX
2023-05-30,,,,,0,VIX
2023-05-31,,,,,0,VIX
2023-06-01,,,,,0,VIX
2023-06-02,,,,,0,VIX
2023-06-05,,,,,0,VIX
2023-06-06,,,,,0,VIX
2023-06-07,,,,,0,VIX
2023-06-08,,,,,0,VIX
2023-06-09,,,,,0,VIX
2023-06-12,,,,,0,VIX
2023-06-13,,,,,0,VIX
2023-06-14,,,,,0,VIX
2023-06-15,,,,,0,VIX
2023-06-16,,,,,0,VIX
2023-06-20,,,,,0,VIX
2023-06-21,,,,,0,VIX
2023-06-22,,,,,0,VIX
2023-06-23,,,,,0,VIX
2023-06-26,,,,,0,VIX
2023-06-27,,,,,0,VIX
2023-06-28,,,,,0,VIX
2023-06-29,,,,,0,VIX
2023-06-30,,,,,0,VIX
2023-07-03,,,,,0,VIX
2023-07-05,,,,,0,VIX
2023-07-06,,,,,0,VIX
2023-07-07,,,,,0,VIX
2023-07-10,,,,,0,VIX
2023-07-11,,,,,0,VIX
2023-07-12,,,,,0,VIX
2023-07-13,,,,,0,VIX
2023-07-14,,,,,0,VIX
2023-07-17,,,,,0,VIX
2023-07-18,,,,,0,VIX
2023-07-19,,,,,0,VIX
2023-07-20,,,,,0,VIX
2023-07-21,,,,,0,VIX
2023-07-24,,,,,0,VIX
2023-07-25,,,,,0,VIX
2023-07-26,,,,,0,VIX
2023-07-27,,,,,0,VIX
2023-07-28,,,,,0,VIX
2023-07-31,,,,,0,VIX
2023-08-01,,,,,0,VIX
2023-08-02,,,,,0,VIX
2023-08-03,,,,,0,VIX
2023-08-04,,,,,0,VIX
2023-08-07,,,,,0,VIX
2023-08-08,,,,,0,VIX
2023-08-09,,,,,0,VIX
2023-08-10,,,,,0,VIX
2023-08-11,,,,,0,VIX
2023-08-14,,,,,0,VIX
2023-08-15,,,,,0,VIX
2023-08-16,,,,,0,VIX
2023-08-17,,,,,0,VIX
2023-08-18,,,,,0,VIX
2023-08-21,,,,,0,VIX
2023-08-22,,,,,0,VIX
2023-08-23,,,,,0,VIX
2023-08-24,,,,,0,VIX
2023-08-25,,,,,0,VIX
2023-08-28,,,,,0,VIX
2023-08-29,,,,,0,VIX
2023-08-30,,,,,0,VIX
2023-08-31,,,,,0,VIX
2023-09-01,,,,,0,VIX
2023-09-05,,,,,0,VIX
2023-09-06,,,,,0,VIX
2023-09-07,,,,,0,VIX
2023-09-08,,,,,0,VIX
2023-09-11,,,,,0,VIX
2023-09-12,,,,,0,VIX
2023-09-13,,,,,0,VIX
2023-09-14,,,,,0,VIX
2023-09-15,,,,,0,VIX
2023-09-18,,,,,0,VIX
2023-09-19,,,,,0,VIX
2023-09-20,,,,,0,VIX
2023-09-21,,,,,0,VIX
2023-09-22,,,,,0,VIX
2023-09-25,,,,,0,VIX
2023-09-26,,,,,0,VIX
2023-09-27,,,,,0,VIX
2023-09-28,,,,,0,VIX
2023-09-29,,,,,0,VIX
2023-10-02,,,,,0,VIX
2023-10-03,,,,,0,VIX
2023-10-04,,,,,0,VIX
2023-10-05,,,,,0,VIX
2023-10-06,,,,,0,VIX
2023-10-09,,,,,0,VIX
2023-10-10,,,,,0,VIX
2023-10-11,,,,,0,VIX
2023-10-12,,,,,0,VIX
2023-10-13,,,,,0,VIX
2023-10-16,,,,,0,VIX
2023-10-17,,,,,0,VIX
2023-10-18,,,,,0,VIX
2023-10-19,,,,,0,VIX
2023-10-20,,,,,0,VIX
2023-10-23,,,,,0,VIX
2023-10-24,,,,,0,VIX
2023-10-25,,,,,0,VIX
2023-10-26,,,,,0,VIX
2023-10-27,,,,,0,VIX
2023-10-30,,,,,0,VIX
2023-10-31,,,,,0,VIX
2023-11-01,,,,,0,VIX
2023-11-02,,,,,0,VIX
2023-11-03,,,,,0,VIX
2023-11-06,,,,,0,VIX
2023-11-07,,,,,0,VIX
2023-11-08,,,,,0,VIX
2023-11-09,,,,,0,VIX
2023-11-10,,,,,0,VIX
2023-11-13,,,,,0,VIX
2023-11-14,,,,,0,VIX
2023-11-15,,,,,0,VIX
2023-11-16,,,,,0,VIX
2023-11-17,,,,,0,VIX
2023-11-20,,,,,0,VIX
2023-11-21,,,,,0,VIX
2023-11-22,,,,,0,VIX
2023-11-24,,,,,0,VIX
2023-11-27,,,,,0,VIX
2023-11-28,,,,,0,VIX
2023-11-29,,,,,0,VIX
2023-11-30,,,,,0,VIX
2023-12-01,,,,,0,VIX
2023-12-04,,,,,0,VIX
2023-12-05,,,,,0,VIX
2023-12-06,,,,,0,VIX
2023-12-07,,,,,0,VIX
2023-12-08,,,,,0,VIX
2023-12-11,,,,,0,VIX
2023-12-12,,,,,0,VIX
2023-12-13,,,,,0,VIX
2023-12-14,,,,,0,VIX
2023-12-15,,,,,0,VIX
2023-12-18,,,,,0,VIX
2023-12-19,,,,,0,VIX
2023-12-20,,,,,0,VIX
2023-12-21,,,,,0,VIX
2023-12-22,,,,,0,VIX
2023-12-26,,,,,0,VIX
2023-12-27,,,,,0,VIX
2023-12-28,,,,,0,VIX
