Date,Open_FRGT,High_FRGT,Low_FRGT,Close_FRGT,Volume_FRGT
2024-12-18 09:30:00-05:00,1.6200000047683716,1.6200000047683716,1.6200000047683716,1.6200000047683716,7050
2024-12-18 09:31:00-05:00,1.62090003490448,1.62090003490448,1.6200000047683716,1.6200000047683716,313
2024-12-18 09:32:00-05:00,,,,,0
2024-12-18 09:33:00-05:00,1.6201000213623047,1.6201000213623047,1.6201000213623047,1.6201000213623047,600
2024-12-18 09:34:00-05:00,1.622499942779541,1.622499942779541,1.622499942779541,1.622499942779541,1160
2024-12-18 09:35:00-05:00,,,,,0
2024-12-18 09:36:00-05:00,,,,,0
2024-12-18 09:37:00-05:00,,,,,0
2024-12-18 09:38:00-05:00,,,,,0
2024-12-18 09:39:00-05:00,,,,,0
2024-12-18 09:40:00-05:00,,,,,0
2024-12-18 09:41:00-05:00,,,,,0
2024-12-18 09:42:00-05:00,,,,,0
2024-12-18 09:43:00-05:00,,,,,0
2024-12-18 09:44:00-05:00,,,,,0
2024-12-18 09:45:00-05:00,,,,,0
2024-12-18 09:46:00-05:00,,,,,0
2024-12-18 09:47:00-05:00,,,,,0
2024-12-18 09:48:00-05:00,,,,,0
2024-12-18 09:49:00-05:00,,,,,0
2024-12-18 09:50:00-05:00,1.6799999475479126,1.6799999475479126,1.6799999475479126,1.6799999475479126,974
2024-12-18 09:51:00-05:00,1.6799999475479126,1.6799999475479126,1.6799999475479126,1.6799999475479126,513
2024-12-18 09:52:00-05:00,,,,,0
2024-12-18 09:53:00-05:00,,,,,0
2024-12-18 09:54:00-05:00,,,,,0
2024-12-18 09:55:00-05:00,1.638700008392334,1.638700008392334,1.638700008392334,1.638700008392334,0
2024-12-18 09:56:00-05:00,,,,,0
2024-12-18 09:57:00-05:00,,,,,0
2024-12-18 09:58:00-05:00,,,,,0
2024-12-18 09:59:00-05:00,,,,,0
2024-12-18 10:00:00-05:00,,,,,0
2024-12-18 10:01:00-05:00,,,,,0
2024-12-18 10:02:00-05:00,,,,,0
2024-12-18 10:03:00-05:00,,,,,0
2024-12-18 10:04:00-05:00,1.659999966621399,1.659999966621399,1.6299999952316284,1.6299999952316284,7403
2024-12-18 10:05:00-05:00,,,,,0
2024-12-18 10:06:00-05:00,1.6699999570846558,1.6699999570846558,1.6699999570846558,1.6699999570846558,645
2024-12-18 10:07:00-05:00,,,,,0
2024-12-18 10:08:00-05:00,,,,,0
2024-12-18 10:09:00-05:00,,,,,0
2024-12-18 10:10:00-05:00,,,,,0
2024-12-18 10:11:00-05:00,,,,,0
2024-12-18 10:12:00-05:00,,,,,0
2024-12-18 10:13:00-05:00,,,,,0
2024-12-18 10:14:00-05:00,,,,,0
2024-12-18 10:15:00-05:00,,,,,0
2024-12-18 10:16:00-05:00,,,,,0
2024-12-18 10:17:00-05:00,,,,,0
2024-12-18 10:18:00-05:00,,,,,0
2024-12-18 10:19:00-05:00,,,,,0
2024-12-18 10:20:00-05:00,,,,,0
2024-12-18 10:21:00-05:00,,,,,0
2024-12-18 10:22:00-05:00,,,,,0
2024-12-18 10:23:00-05:00,,,,,0
2024-12-18 10:24:00-05:00,,,,,0
2024-12-18 10:25:00-05:00,,,,,0
2024-12-18 10:26:00-05:00,,,,,0
2024-12-18 10:27:00-05:00,,,,,0
2024-12-18 10:28:00-05:00,,,,,0
2024-12-18 10:29:00-05:00,,,,,0
2024-12-18 10:30:00-05:00,,,,,0
2024-12-18 10:31:00-05:00,,,,,0
2024-12-18 10:32:00-05:00,,,,,0
2024-12-18 10:33:00-05:00,1.659999966621399,1.659999966621399,1.659999966621399,1.659999966621399,1599
2024-12-18 10:34:00-05:00,,,,,0
2024-12-18 10:35:00-05:00,,,,,0
2024-12-18 10:36:00-05:00,,,,,0
2024-12-18 10:37:00-05:00,,,,,0
2024-12-18 10:38:00-05:00,,,,,0
2024-12-18 10:39:00-05:00,,,,,0
2024-12-18 10:40:00-05:00,,,,,0
2024-12-18 10:41:00-05:00,,,,,0
2024-12-18 10:42:00-05:00,,,,,0
2024-12-18 10:43:00-05:00,,,,,0
2024-12-18 10:44:00-05:00,,,,,0
2024-12-18 10:45:00-05:00,1.6323000192642212,1.6323000192642212,1.6323000192642212,1.6323000192642212,126
2024-12-18 10:46:00-05:00,,,,,0
2024-12-18 10:47:00-05:00,,,,,0
2024-12-18 10:48:00-05:00,,,,,0
2024-12-18 10:49:00-05:00,,,,,0
2024-12-18 10:50:00-05:00,,,,,0
2024-12-18 10:51:00-05:00,,,,,0
2024-12-18 10:52:00-05:00,,,,,0
2024-12-18 10:53:00-05:00,1.659999966621399,1.659999966621399,1.6598999500274658,1.6598999500274658,3529
2024-12-18 10:54:00-05:00,,,,,0
2024-12-18 10:55:00-05:00,,,,,0
2024-12-18 10:56:00-05:00,,,,,0
2024-12-18 10:57:00-05:00,,,,,0
2024-12-18 10:58:00-05:00,,,,,0
2024-12-18 10:59:00-05:00,,,,,0
2024-12-18 11:00:00-05:00,,,,,0
2024-12-18 11:01:00-05:00,,,,,0
2024-12-18 11:02:00-05:00,,,,,0
2024-12-18 11:03:00-05:00,,,,,0
2024-12-18 11:04:00-05:00,,,,,0
2024-12-18 11:05:00-05:00,,,,,0
2024-12-18 11:06:00-05:00,,,,,0
2024-12-18 11:07:00-05:00,,,,,0
2024-12-18 11:08:00-05:00,,,,,0
2024-12-18 11:09:00-05:00,,,,,0
2024-12-18 11:10:00-05:00,,,,,0
2024-12-18 11:11:00-05:00,,,,,0
2024-12-18 11:12:00-05:00,,,,,0
2024-12-18 11:13:00-05:00,,,,,0
2024-12-18 11:14:00-05:00,,,,,0
2024-12-18 11:15:00-05:00,,,,,0
2024-12-18 11:16:00-05:00,,,,,0
2024-12-18 11:17:00-05:00,,,,,0
2024-12-18 11:18:00-05:00,,,,,0
2024-12-18 11:19:00-05:00,,,,,0
2024-12-18 11:20:00-05:00,,,,,0
2024-12-18 11:21:00-05:00,,,,,0
2024-12-18 11:22:00-05:00,,,,,0
2024-12-18 11:23:00-05:00,,,,,0
2024-12-18 11:24:00-05:00,,,,,0
2024-12-18 11:25:00-05:00,,,,,0
2024-12-18 11:26:00-05:00,,,,,0
2024-12-18 11:27:00-05:00,,,,,0
2024-12-18 11:28:00-05:00,,,,,0
2024-12-18 11:29:00-05:00,,,,,0
2024-12-18 11:30:00-05:00,,,,,0
2024-12-18 11:31:00-05:00,,,,,0
2024-12-18 11:32:00-05:00,,,,,0
2024-12-18 11:33:00-05:00,,,,,0
2024-12-18 11:34:00-05:00,,,,,0
2024-12-18 11:35:00-05:00,,,,,0
2024-12-18 11:36:00-05:00,,,,,0
2024-12-18 11:37:00-05:00,,,,,0
2024-12-18 11:38:00-05:00,,,,,0
2024-12-18 11:39:00-05:00,,,,,0
2024-12-18 11:40:00-05:00,,,,,0
2024-12-18 11:41:00-05:00,,,,,0
2024-12-18 11:42:00-05:00,,,,,0
2024-12-18 11:43:00-05:00,,,,,0
2024-12-18 11:44:00-05:00,,,,,0
2024-12-18 11:45:00-05:00,,,,,0
2024-12-18 11:46:00-05:00,,,,,0
2024-12-18 11:47:00-05:00,,,,,0
2024-12-18 11:48:00-05:00,,,,,0
2024-12-18 11:49:00-05:00,,,,,0
2024-12-18 11:50:00-05:00,,,,,0
2024-12-18 11:51:00-05:00,,,,,0
2024-12-18 11:52:00-05:00,,,,,0
2024-12-18 11:53:00-05:00,,,,,0
2024-12-18 11:54:00-05:00,,,,,0
2024-12-18 11:55:00-05:00,1.6699999570846558,1.6699999570846558,1.6699999570846558,1.6699999570846558,226
2024-12-18 11:56:00-05:00,,,,,0
2024-12-18 11:57:00-05:00,,,,,0
2024-12-18 11:58:00-05:00,1.631700038909912,1.631700038909912,1.631700038909912,1.631700038909912,781
2024-12-18 11:59:00-05:00,,,,,0
2024-12-18 12:00:00-05:00,,,,,0
2024-12-18 12:01:00-05:00,,,,,0
2024-12-18 12:02:00-05:00,,,,,0
2024-12-18 12:03:00-05:00,,,,,0
2024-12-18 12:04:00-05:00,1.6360000371932983,1.6360000371932983,1.6360000371932983,1.6360000371932983,712
2024-12-18 12:05:00-05:00,,,,,0
2024-12-18 12:06:00-05:00,,,,,0
2024-12-18 12:07:00-05:00,,,,,0
2024-12-18 12:08:00-05:00,,,,,0
2024-12-18 12:09:00-05:00,,,,,0
2024-12-18 12:10:00-05:00,,,,,0
2024-12-18 12:11:00-05:00,,,,,0
2024-12-18 12:12:00-05:00,,,,,0
2024-12-18 12:13:00-05:00,,,,,0
2024-12-18 12:14:00-05:00,,,,,0
2024-12-18 12:15:00-05:00,,,,,0
2024-12-18 12:16:00-05:00,,,,,0
2024-12-18 12:17:00-05:00,,,,,0
2024-12-18 12:18:00-05:00,,,,,0
2024-12-18 12:19:00-05:00,,,,,0
2024-12-18 12:20:00-05:00,,,,,0
2024-12-18 12:21:00-05:00,,,,,0
2024-12-18 12:22:00-05:00,,,,,0
2024-12-18 12:23:00-05:00,,,,,0
2024-12-18 12:24:00-05:00,,,,,0
2024-12-18 12:25:00-05:00,,,,,0
2024-12-18 12:26:00-05:00,,,,,0
2024-12-18 12:27:00-05:00,,,,,0
2024-12-18 12:28:00-05:00,,,,,0
2024-12-18 12:29:00-05:00,,,,,0
2024-12-18 12:30:00-05:00,,,,,0
2024-12-18 12:31:00-05:00,,,,,0
2024-12-18 12:32:00-05:00,,,,,0
2024-12-18 12:33:00-05:00,,,,,0
2024-12-18 12:34:00-05:00,1.660099983215332,1.6749999523162842,1.659999966621399,1.660099983215332,6207
2024-12-18 12:35:00-05:00,,,,,0
2024-12-18 12:36:00-05:00,,,,,0
2024-12-18 12:37:00-05:00,,,,,0
2024-12-18 12:38:00-05:00,,,,,0
2024-12-18 12:39:00-05:00,,,,,0
2024-12-18 12:40:00-05:00,,,,,0
2024-12-18 12:41:00-05:00,,,,,0
2024-12-18 12:42:00-05:00,,,,,0
2024-12-18 12:43:00-05:00,,,,,0
2024-12-18 12:44:00-05:00,1.669600009918213,1.669600009918213,1.669600009918213,1.669600009918213,2797
2024-12-18 12:45:00-05:00,,,,,0
2024-12-18 12:46:00-05:00,,,,,0
2024-12-18 12:47:00-05:00,,,,,0
2024-12-18 12:48:00-05:00,,,,,0
2024-12-18 12:49:00-05:00,,,,,0
2024-12-18 12:50:00-05:00,,,,,0
2024-12-18 12:51:00-05:00,,,,,0
2024-12-18 12:52:00-05:00,,,,,0
2024-12-18 12:53:00-05:00,,,,,0
2024-12-18 12:54:00-05:00,,,,,0
2024-12-18 12:55:00-05:00,,,,,0
2024-12-18 12:56:00-05:00,,,,,0
2024-12-18 12:57:00-05:00,,,,,0
2024-12-18 12:58:00-05:00,,,,,0
2024-12-18 12:59:00-05:00,,,,,0
2024-12-18 13:00:00-05:00,,,,,0
2024-12-18 13:01:00-05:00,,,,,0
2024-12-18 13:02:00-05:00,,,,,0
2024-12-18 13:03:00-05:00,,,,,0
2024-12-18 13:04:00-05:00,,,,,0
2024-12-18 13:05:00-05:00,,,,,0
2024-12-18 13:06:00-05:00,,,,,0
2024-12-18 13:07:00-05:00,,,,,0
2024-12-18 13:08:00-05:00,,,,,0
2024-12-18 13:09:00-05:00,,,,,0
2024-12-18 13:10:00-05:00,,,,,0
2024-12-18 13:11:00-05:00,,,,,0
2024-12-18 13:12:00-05:00,,,,,0
2024-12-18 13:13:00-05:00,,,,,0
2024-12-18 13:14:00-05:00,,,,,0
2024-12-18 13:15:00-05:00,,,,,0
2024-12-18 13:16:00-05:00,1.6699999570846558,1.6699999570846558,1.6699999570846558,1.6699999570846558,697
2024-12-18 13:17:00-05:00,,,,,0
2024-12-18 13:18:00-05:00,,,,,0
2024-12-18 13:19:00-05:00,,,,,0
2024-12-18 13:20:00-05:00,,,,,0
2024-12-18 13:21:00-05:00,,,,,0
2024-12-18 13:22:00-05:00,,,,,0
2024-12-18 13:23:00-05:00,,,,,0
2024-12-18 13:24:00-05:00,,,,,0
2024-12-18 13:25:00-05:00,,,,,0
2024-12-18 13:26:00-05:00,,,,,0
2024-12-18 13:27:00-05:00,,,,,0
2024-12-18 13:28:00-05:00,,,,,0
2024-12-18 13:29:00-05:00,,,,,0
2024-12-18 13:30:00-05:00,,,,,0
2024-12-18 13:31:00-05:00,,,,,0
2024-12-18 13:32:00-05:00,,,,,0
2024-12-18 13:33:00-05:00,,,,,0
2024-12-18 13:34:00-05:00,,,,,0
2024-12-18 13:35:00-05:00,,,,,0
2024-12-18 13:36:00-05:00,,,,,0
2024-12-18 13:37:00-05:00,,,,,0
2024-12-18 13:38:00-05:00,,,,,0
2024-12-18 13:39:00-05:00,,,,,0
2024-12-18 13:40:00-05:00,,,,,0
2024-12-18 13:41:00-05:00,,,,,0
2024-12-18 13:42:00-05:00,,,,,0
2024-12-18 13:43:00-05:00,,,,,0
2024-12-18 13:44:00-05:00,,,,,0
2024-12-18 13:45:00-05:00,,,,,0
2024-12-18 13:46:00-05:00,,,,,0
2024-12-18 13:47:00-05:00,,,,,0
2024-12-18 13:48:00-05:00,,,,,0
2024-12-18 13:49:00-05:00,,,,,0
2024-12-18 13:50:00-05:00,,,,,0
2024-12-18 13:51:00-05:00,,,,,0
2024-12-18 13:52:00-05:00,,,,,0
2024-12-18 13:53:00-05:00,,,,,0
2024-12-18 13:54:00-05:00,,,,,0
2024-12-18 13:55:00-05:00,,,,,0
2024-12-18 13:56:00-05:00,,,,,0
2024-12-18 13:57:00-05:00,,,,,0
2024-12-18 13:58:00-05:00,,,,,0
2024-12-18 13:59:00-05:00,,,,,0
2024-12-18 14:00:00-05:00,,,,,0
2024-12-18 14:01:00-05:00,,,,,0
2024-12-18 14:02:00-05:00,,,,,0
2024-12-18 14:03:00-05:00,,,,,0
2024-12-18 14:04:00-05:00,,,,,0
2024-12-18 14:05:00-05:00,,,,,0
2024-12-18 14:06:00-05:00,,,,,0
2024-12-18 14:07:00-05:00,,,,,0
2024-12-18 14:08:00-05:00,,,,,0
2024-12-18 14:09:00-05:00,,,,,0
2024-12-18 14:10:00-05:00,1.649999976158142,1.649999976158142,1.649999976158142,1.649999976158142,295
2024-12-18 14:11:00-05:00,,,,,0
2024-12-18 14:12:00-05:00,,,,,0
2024-12-18 14:13:00-05:00,,,,,0
2024-12-18 14:14:00-05:00,,,,,0
2024-12-18 14:15:00-05:00,,,,,0
2024-12-18 14:16:00-05:00,,,,,0
2024-12-18 14:17:00-05:00,,,,,0
2024-12-18 14:18:00-05:00,1.6496000289916992,1.6496000289916992,1.6496000289916992,1.6496000289916992,261
2024-12-18 14:19:00-05:00,,,,,0
2024-12-18 14:20:00-05:00,,,,,0
2024-12-18 14:21:00-05:00,,,,,0
2024-12-18 14:22:00-05:00,,,,,0
2024-12-18 14:23:00-05:00,1.649999976158142,1.649999976158142,1.649999976158142,1.649999976158142,352
2024-12-18 14:24:00-05:00,,,,,0
2024-12-18 14:25:00-05:00,,,,,0
2024-12-18 14:26:00-05:00,,,,,0
2024-12-18 14:27:00-05:00,,,,,0
2024-12-18 14:28:00-05:00,,,,,0
2024-12-18 14:29:00-05:00,,,,,0
2024-12-18 14:30:00-05:00,,,,,0
2024-12-18 14:31:00-05:00,,,,,0
2024-12-18 14:32:00-05:00,,,,,0
2024-12-18 14:33:00-05:00,,,,,0
2024-12-18 14:34:00-05:00,,,,,0
2024-12-18 14:35:00-05:00,,,,,0
2024-12-18 14:36:00-05:00,,,,,0
2024-12-18 14:37:00-05:00,,,,,0
2024-12-18 14:38:00-05:00,,,,,0
2024-12-18 14:39:00-05:00,,,,,0
2024-12-18 14:40:00-05:00,,,,,0
2024-12-18 14:41:00-05:00,,,,,0
2024-12-18 14:42:00-05:00,1.6299999952316284,1.6301000118255615,1.6299999952316284,1.6301000118255615,1343
2024-12-18 14:43:00-05:00,,,,,0
2024-12-18 14:44:00-05:00,,,,,0
2024-12-18 14:45:00-05:00,,,,,0
2024-12-18 14:46:00-05:00,,,,,0
2024-12-18 14:47:00-05:00,,,,,0
2024-12-18 14:48:00-05:00,1.6021000146865845,1.6021000146865845,1.6021000146865845,1.6021000146865845,1021
2024-12-18 14:49:00-05:00,1.600100040435791,1.600100040435791,1.600100040435791,1.600100040435791,268
2024-12-18 14:50:00-05:00,,,,,0
2024-12-18 14:51:00-05:00,,,,,0
2024-12-18 14:52:00-05:00,,,,,0
2024-12-18 14:53:00-05:00,,,,,0
2024-12-18 14:54:00-05:00,,,,,0
2024-12-18 14:55:00-05:00,,,,,0
2024-12-18 14:56:00-05:00,,,,,0
2024-12-18 14:57:00-05:00,,,,,0
2024-12-18 14:58:00-05:00,,,,,0
2024-12-18 14:59:00-05:00,1.6007000207901,1.6007000207901,1.6007000207901,1.6007000207901,585
2024-12-18 15:00:00-05:00,,,,,0
2024-12-18 15:01:00-05:00,,,,,0
2024-12-18 15:02:00-05:00,,,,,0
2024-12-18 15:03:00-05:00,,,,,0
2024-12-18 15:04:00-05:00,,,,,0
2024-12-18 15:05:00-05:00,,,,,0
2024-12-18 15:06:00-05:00,,,,,0
2024-12-18 15:07:00-05:00,,,,,0
2024-12-18 15:08:00-05:00,,,,,0
2024-12-18 15:09:00-05:00,,,,,0
2024-12-18 15:10:00-05:00,,,,,0
2024-12-18 15:11:00-05:00,,,,,0
2024-12-18 15:12:00-05:00,1.601099967956543,1.601099967956543,1.601099967956543,1.601099967956543,129
2024-12-18 15:13:00-05:00,,,,,0
2024-12-18 15:14:00-05:00,,,,,0
2024-12-18 15:15:00-05:00,,,,,0
2024-12-18 15:16:00-05:00,,,,,0
2024-12-18 15:17:00-05:00,,,,,0
2024-12-18 15:18:00-05:00,1.6050000190734863,1.6050000190734863,1.6050000190734863,1.6050000190734863,904
2024-12-18 15:19:00-05:00,,,,,0
2024-12-18 15:20:00-05:00,,,,,0
2024-12-18 15:21:00-05:00,,,,,0
2024-12-18 15:22:00-05:00,,,,,0
2024-12-18 15:23:00-05:00,,,,,0
2024-12-18 15:24:00-05:00,,,,,0
2024-12-18 15:25:00-05:00,,,,,0
2024-12-18 15:26:00-05:00,1.5850000381469727,1.5850000381469727,1.5850000381469727,1.5850000381469727,3508
2024-12-18 15:27:00-05:00,1.575700044631958,1.5924999713897705,1.575700044631958,1.5924999713897705,2574
2024-12-18 15:28:00-05:00,,,,,0
2024-12-18 15:29:00-05:00,,,,,0
2024-12-18 15:30:00-05:00,,,,,0
2024-12-18 15:31:00-05:00,,,,,0
2024-12-18 15:32:00-05:00,,,,,0
2024-12-18 15:33:00-05:00,,,,,0
2024-12-18 15:34:00-05:00,,,,,0
2024-12-18 15:35:00-05:00,,,,,0
2024-12-18 15:36:00-05:00,,,,,0
2024-12-18 15:37:00-05:00,,,,,0
2024-12-18 15:38:00-05:00,,,,,0
2024-12-18 15:39:00-05:00,,,,,0
2024-12-18 15:40:00-05:00,,,,,0
2024-12-18 15:41:00-05:00,,,,,0
2024-12-18 15:42:00-05:00,,,,,0
2024-12-18 15:43:00-05:00,,,,,0
2024-12-18 15:44:00-05:00,1.5800000429153442,1.5800000429153442,1.5800000429153442,1.5800000429153442,2757
2024-12-18 15:45:00-05:00,1.5600999593734741,1.5600999593734741,1.5600999593734741,1.5600999593734741,489
2024-12-18 15:46:00-05:00,,,,,0
2024-12-18 15:47:00-05:00,,,,,0
2024-12-18 15:48:00-05:00,,,,,0
2024-12-18 15:49:00-05:00,,,,,0
2024-12-18 15:50:00-05:00,,,,,0
2024-12-18 15:51:00-05:00,,,,,0
2024-12-18 15:52:00-05:00,1.5950000286102295,1.5950000286102295,1.559999942779541,1.559999942779541,4642
2024-12-18 15:53:00-05:00,,,,,0
2024-12-18 15:54:00-05:00,,,,,0
2024-12-18 15:55:00-05:00,,,,,0
2024-12-18 15:56:00-05:00,,,,,0
2024-12-18 15:57:00-05:00,,,,,0
2024-12-18 15:58:00-05:00,,,,,0
2024-12-18 15:59:00-05:00,,,,,0
2024-12-19 09:30:00-05:00,,,,,0
2024-12-19 09:31:00-05:00,,,,,0
2024-12-19 09:32:00-05:00,,,,,0
2024-12-19 09:33:00-05:00,,,,,0
2024-12-19 09:34:00-05:00,,,,,0
2024-12-19 09:35:00-05:00,,,,,0
2024-12-19 09:36:00-05:00,,,,,0
2024-12-19 09:37:00-05:00,,,,,0
2024-12-19 09:38:00-05:00,1.590000033378601,1.590000033378601,1.590000033378601,1.590000033378601,4792
2024-12-19 09:39:00-05:00,,,,,0
2024-12-19 09:40:00-05:00,,,,,0
2024-12-19 09:41:00-05:00,,,,,0
2024-12-19 09:42:00-05:00,,,,,0
2024-12-19 09:43:00-05:00,,,,,0
2024-12-19 09:44:00-05:00,,,,,0
2024-12-19 09:45:00-05:00,,,,,0
2024-12-19 09:46:00-05:00,,,,,0
2024-12-19 09:47:00-05:00,,,,,0
2024-12-19 09:48:00-05:00,,,,,0
2024-12-19 09:49:00-05:00,1.590000033378601,1.5928000211715698,1.590000033378601,1.5928000211715698,8254
2024-12-19 09:50:00-05:00,1.5901000499725342,1.5901000499725342,1.5800000429153442,1.5901000499725342,12290
2024-12-19 09:51:00-05:00,,,,,0
2024-12-19 09:52:00-05:00,,,,,0
2024-12-19 09:53:00-05:00,,,,,0
2024-12-19 09:54:00-05:00,,,,,0
2024-12-19 09:55:00-05:00,1.5996999740600586,1.5996999740600586,1.5996999740600586,1.5996999740600586,140
2024-12-19 09:56:00-05:00,,,,,0
2024-12-19 09:57:00-05:00,,,,,0
2024-12-19 09:58:00-05:00,,,,,0
2024-12-19 09:59:00-05:00,,,,,0
2024-12-19 10:00:00-05:00,,,,,0
2024-12-19 10:01:00-05:00,,,,,0
2024-12-19 10:02:00-05:00,,,,,0
2024-12-19 10:03:00-05:00,,,,,0
2024-12-19 10:04:00-05:00,,,,,0
2024-12-19 10:05:00-05:00,,,,,0
2024-12-19 10:06:00-05:00,,,,,0
2024-12-19 10:07:00-05:00,,,,,0
2024-12-19 10:08:00-05:00,,,,,0
2024-12-19 10:09:00-05:00,,,,,0
2024-12-19 10:10:00-05:00,,,,,0
2024-12-19 10:11:00-05:00,,,,,0
2024-12-19 10:12:00-05:00,,,,,0
2024-12-19 10:13:00-05:00,1.5800000429153442,1.5800000429153442,1.5800000429153442,1.5800000429153442,1449
2024-12-19 10:14:00-05:00,,,,,0
2024-12-19 10:15:00-05:00,,,,,0
2024-12-19 10:16:00-05:00,,,,,0
2024-12-19 10:17:00-05:00,,,,,0
2024-12-19 10:18:00-05:00,,,,,0
2024-12-19 10:19:00-05:00,,,,,0
2024-12-19 10:20:00-05:00,,,,,0
2024-12-19 10:21:00-05:00,,,,,0
2024-12-19 10:22:00-05:00,,,,,0
2024-12-19 10:23:00-05:00,,,,,0
2024-12-19 10:24:00-05:00,,,,,0
2024-12-19 10:25:00-05:00,,,,,0
2024-12-19 10:26:00-05:00,,,,,0
2024-12-19 10:27:00-05:00,,,,,0
2024-12-19 10:28:00-05:00,,,,,0
2024-12-19 10:29:00-05:00,,,,,0
2024-12-19 10:30:00-05:00,,,,,0
2024-12-19 10:31:00-05:00,,,,,0
2024-12-19 10:32:00-05:00,,,,,0
2024-12-19 10:33:00-05:00,,,,,0
2024-12-19 10:34:00-05:00,,,,,0
2024-12-19 10:35:00-05:00,,,,,0
2024-12-19 10:36:00-05:00,,,,,0
2024-12-19 10:37:00-05:00,,,,,0
2024-12-19 10:38:00-05:00,,,,,0
2024-12-19 10:39:00-05:00,,,,,0
2024-12-19 10:40:00-05:00,,,,,0
2024-12-19 10:41:00-05:00,,,,,0
2024-12-19 10:42:00-05:00,,,,,0
2024-12-19 10:43:00-05:00,,,,,0
2024-12-19 10:44:00-05:00,,,,,0
2024-12-19 10:45:00-05:00,,,,,0
2024-12-19 10:46:00-05:00,,,,,0
2024-12-19 10:47:00-05:00,1.5841000080108643,1.5841000080108643,1.5841000080108643,1.5841000080108643,601
2024-12-19 10:48:00-05:00,,,,,0
2024-12-19 10:49:00-05:00,,,,,0
2024-12-19 10:50:00-05:00,,,,,0
2024-12-19 10:51:00-05:00,,,,,0
2024-12-19 10:52:00-05:00,,,,,0
2024-12-19 10:53:00-05:00,,,,,0
2024-12-19 10:54:00-05:00,,,,,0
2024-12-19 10:55:00-05:00,,,,,0
2024-12-19 10:56:00-05:00,,,,,0
2024-12-19 10:57:00-05:00,,,,,0
2024-12-19 10:58:00-05:00,,,,,0
2024-12-19 10:59:00-05:00,,,,,0
2024-12-19 11:00:00-05:00,1.570199966430664,1.5703999996185303,1.570099949836731,1.5703999996185303,1503
2024-12-19 11:01:00-05:00,,,,,0
2024-12-19 11:02:00-05:00,,,,,0
2024-12-19 11:03:00-05:00,,,,,0
2024-12-19 11:04:00-05:00,,,,,0
2024-12-19 11:05:00-05:00,,,,,0
2024-12-19 11:06:00-05:00,,,,,0
2024-12-19 11:07:00-05:00,,,,,0
2024-12-19 11:08:00-05:00,,,,,0
2024-12-19 11:09:00-05:00,,,,,0
2024-12-19 11:10:00-05:00,,,,,0
2024-12-19 11:11:00-05:00,,,,,0
2024-12-19 11:12:00-05:00,,,,,0
2024-12-19 11:13:00-05:00,,,,,0
2024-12-19 11:14:00-05:00,,,,,0
2024-12-19 11:15:00-05:00,,,,,0
2024-12-19 11:16:00-05:00,,,,,0
2024-12-19 11:17:00-05:00,1.570199966430664,1.570199966430664,1.570199966430664,1.570199966430664,2004
2024-12-19 11:18:00-05:00,,,,,0
2024-12-19 11:19:00-05:00,,,,,0
2024-12-19 11:20:00-05:00,,,,,0
2024-12-19 11:21:00-05:00,,,,,0
2024-12-19 11:22:00-05:00,,,,,0
2024-12-19 11:23:00-05:00,,,,,0
2024-12-19 11:24:00-05:00,1.5700000524520874,1.5700000524520874,1.5700000524520874,1.5700000524520874,2000
2024-12-19 11:25:00-05:00,,,,,0
2024-12-19 11:26:00-05:00,,,,,0
2024-12-19 11:27:00-05:00,,,,,0
2024-12-19 11:28:00-05:00,1.5700000524520874,1.5700000524520874,1.5700000524520874,1.5700000524520874,0
2024-12-19 11:29:00-05:00,,,,,0
2024-12-19 11:30:00-05:00,1.590000033378601,1.590000033378601,1.590000033378601,1.590000033378601,546
2024-12-19 11:31:00-05:00,,,,,0
2024-12-19 11:32:00-05:00,,,,,0
2024-12-19 11:33:00-05:00,,,,,0
2024-12-19 11:34:00-05:00,,,,,0
2024-12-19 11:35:00-05:00,,,,,0
2024-12-19 11:36:00-05:00,,,,,0
2024-12-19 11:37:00-05:00,,,,,0
2024-12-19 11:38:00-05:00,,,,,0
2024-12-19 11:39:00-05:00,,,,,0
2024-12-19 11:40:00-05:00,,,,,0
2024-12-19 11:41:00-05:00,,,,,0
2024-12-19 11:42:00-05:00,,,,,0
2024-12-19 11:43:00-05:00,,,,,0
2024-12-19 11:44:00-05:00,,,,,0
2024-12-19 11:45:00-05:00,,,,,0
2024-12-19 11:46:00-05:00,,,,,0
2024-12-19 11:47:00-05:00,,,,,0
2024-12-19 11:48:00-05:00,,,,,0
2024-12-19 11:49:00-05:00,,,,,0
2024-12-19 11:50:00-05:00,,,,,0
2024-12-19 11:51:00-05:00,,,,,0
2024-12-19 11:52:00-05:00,,,,,0
2024-12-19 11:53:00-05:00,,,,,0
2024-12-19 11:54:00-05:00,,,,,0
2024-12-19 11:55:00-05:00,,,,,0
2024-12-19 11:56:00-05:00,,,,,0
2024-12-19 11:57:00-05:00,,,,,0
2024-12-19 11:58:00-05:00,,,,,0
2024-12-19 11:59:00-05:00,,,,,0
2024-12-19 12:00:00-05:00,,,,,0
2024-12-19 12:01:00-05:00,,,,,0
2024-12-19 12:02:00-05:00,,,,,0
2024-12-19 12:03:00-05:00,,,,,0
2024-12-19 12:04:00-05:00,,,,,0
2024-12-19 12:05:00-05:00,,,,,0
2024-12-19 12:06:00-05:00,,,,,0
2024-12-19 12:07:00-05:00,,,,,0
2024-12-19 12:08:00-05:00,,,,,0
2024-12-19 12:09:00-05:00,1.590000033378601,1.5901000499725342,1.590000033378601,1.5901000499725342,501
2024-12-19 12:10:00-05:00,,,,,0
2024-12-19 12:11:00-05:00,1.600000023841858,1.600000023841858,1.600000023841858,1.600000023841858,452
2024-12-19 12:12:00-05:00,,,,,0
2024-12-19 12:13:00-05:00,,,,,0
2024-12-19 12:14:00-05:00,1.6200000047683716,1.6200000047683716,1.6200000047683716,1.6200000047683716,700
2024-12-19 12:15:00-05:00,1.6139999628067017,1.6139999628067017,1.6139999628067017,1.6139999628067017,2189
2024-12-19 12:16:00-05:00,1.6100000143051147,1.6358000040054321,1.6100000143051147,1.6358000040054321,9324
2024-12-19 12:17:00-05:00,1.6200000047683716,1.6438000202178955,1.6200000047683716,1.6438000202178955,2243
2024-12-19 12:18:00-05:00,,,,,0
2024-12-19 12:19:00-05:00,1.649999976158142,1.649999976158142,1.6399999856948853,1.6399999856948853,6130
2024-12-19 12:20:00-05:00,,,,,0
2024-12-19 12:21:00-05:00,,,,,0
2024-12-19 12:22:00-05:00,,,,,0
2024-12-19 12:23:00-05:00,,,,,0
2024-12-19 12:24:00-05:00,,,,,0
2024-12-19 12:25:00-05:00,,,,,0
2024-12-19 12:26:00-05:00,,,,,0
2024-12-19 12:27:00-05:00,,,,,0
2024-12-19 12:28:00-05:00,,,,,0
2024-12-19 12:29:00-05:00,,,,,0
2024-12-19 12:30:00-05:00,,,,,0
2024-12-19 12:31:00-05:00,,,,,0
2024-12-19 12:32:00-05:00,,,,,0
2024-12-19 12:33:00-05:00,,,,,0
2024-12-19 12:34:00-05:00,1.6399999856948853,1.6399999856948853,1.6399999856948853,1.6399999856948853,763
2024-12-19 12:35:00-05:00,,,,,0
2024-12-19 12:36:00-05:00,,,,,0
2024-12-19 12:37:00-05:00,,,,,0
2024-12-19 12:38:00-05:00,,,,,0
2024-12-19 12:39:00-05:00,,,,,0
2024-12-19 12:40:00-05:00,,,,,0
2024-12-19 12:41:00-05:00,,,,,0
2024-12-19 12:42:00-05:00,,,,,0
2024-12-19 12:43:00-05:00,,,,,0
2024-12-19 12:44:00-05:00,,,,,0
2024-12-19 12:45:00-05:00,,,,,0
2024-12-19 12:46:00-05:00,,,,,0
2024-12-19 12:47:00-05:00,,,,,0
2024-12-19 12:48:00-05:00,,,,,0
2024-12-19 12:49:00-05:00,,,,,0
2024-12-19 12:50:00-05:00,1.649999976158142,1.649999976158142,1.649999976158142,1.649999976158142,234
2024-12-19 12:51:00-05:00,1.659999966621399,1.659999966621399,1.6549999713897705,1.6549999713897705,583
2024-12-19 12:52:00-05:00,,,,,0
2024-12-19 12:53:00-05:00,,,,,0
2024-12-19 12:54:00-05:00,,,,,0
2024-12-19 12:55:00-05:00,,,,,0
2024-12-19 12:56:00-05:00,,,,,0
2024-12-19 12:57:00-05:00,,,,,0
2024-12-19 12:58:00-05:00,,,,,0
2024-12-19 12:59:00-05:00,,,,,0
2024-12-19 13:00:00-05:00,,,,,0
2024-12-19 13:01:00-05:00,,,,,0
2024-12-19 13:02:00-05:00,,,,,0
2024-12-19 13:03:00-05:00,,,,,0
2024-12-19 13:04:00-05:00,,,,,0
2024-12-19 13:05:00-05:00,,,,,0
2024-12-19 13:06:00-05:00,,,,,0
2024-12-19 13:07:00-05:00,,,,,0
2024-12-19 13:08:00-05:00,,,,,0
2024-12-19 13:09:00-05:00,,,,,0
2024-12-19 13:10:00-05:00,,,,,0
2024-12-19 13:11:00-05:00,,,,,0
2024-12-19 13:12:00-05:00,,,,,0
2024-12-19 13:13:00-05:00,,,,,0
2024-12-19 13:14:00-05:00,,,,,0
2024-12-19 13:15:00-05:00,,,,,0
2024-12-19 13:16:00-05:00,,,,,0
2024-12-19 13:17:00-05:00,,,,,0
2024-12-19 13:18:00-05:00,,,,,0
2024-12-19 13:19:00-05:00,,,,,0
2024-12-19 13:20:00-05:00,,,,,0
2024-12-19 13:21:00-05:00,,,,,0
2024-12-19 13:22:00-05:00,1.6145999431610107,1.6145999431610107,1.6145999431610107,1.6145999431610107,244
2024-12-19 13:23:00-05:00,,,,,0
2024-12-19 13:24:00-05:00,,,,,0
2024-12-19 13:25:00-05:00,,,,,0
2024-12-19 13:26:00-05:00,,,,,0
2024-12-19 13:27:00-05:00,,,,,0
2024-12-19 13:28:00-05:00,,,,,0
2024-12-19 13:29:00-05:00,,,,,0
2024-12-19 13:30:00-05:00,,,,,0
2024-12-19 13:31:00-05:00,,,,,0
2024-12-19 13:32:00-05:00,,,,,0
2024-12-19 13:33:00-05:00,,,,,0
2024-12-19 13:34:00-05:00,,,,,0
2024-12-19 13:35:00-05:00,,,,,0
2024-12-19 13:36:00-05:00,,,,,0
2024-12-19 13:37:00-05:00,,,,,0
2024-12-19 13:38:00-05:00,,,,,0
2024-12-19 13:39:00-05:00,,,,,0
2024-12-19 13:40:00-05:00,,,,,0
2024-12-19 13:41:00-05:00,,,,,0
2024-12-19 13:42:00-05:00,,,,,0
2024-12-19 13:43:00-05:00,,,,,0
2024-12-19 13:44:00-05:00,,,,,0
2024-12-19 13:45:00-05:00,1.6440000534057617,1.6440000534057617,1.6100000143051147,1.6100000143051147,3298
2024-12-19 13:46:00-05:00,,,,,0
2024-12-19 13:47:00-05:00,,,,,0
2024-12-19 13:48:00-05:00,,,,,0
2024-12-19 13:49:00-05:00,,,,,0
2024-12-19 13:50:00-05:00,,,,,0
2024-12-19 13:51:00-05:00,,,,,0
2024-12-19 13:52:00-05:00,,,,,0
2024-12-19 13:53:00-05:00,,,,,0
2024-12-19 13:54:00-05:00,,,,,0
2024-12-19 13:55:00-05:00,,,,,0
2024-12-19 13:56:00-05:00,,,,,0
2024-12-19 13:57:00-05:00,,,,,0
2024-12-19 13:58:00-05:00,,,,,0
2024-12-19 13:59:00-05:00,,,,,0
2024-12-19 14:00:00-05:00,,,,,0
2024-12-19 14:01:00-05:00,,,,,0
2024-12-19 14:02:00-05:00,,,,,0
2024-12-19 14:03:00-05:00,,,,,0
2024-12-19 14:04:00-05:00,,,,,0
2024-12-19 14:05:00-05:00,,,,,0
2024-12-19 14:06:00-05:00,,,,,0
2024-12-19 14:07:00-05:00,,,,,0
2024-12-19 14:08:00-05:00,,,,,0
2024-12-19 14:09:00-05:00,,,,,0
2024-12-19 14:10:00-05:00,,,,,0
2024-12-19 14:11:00-05:00,,,,,0
2024-12-19 14:12:00-05:00,,,,,0
2024-12-19 14:13:00-05:00,1.6138999462127686,1.6138999462127686,1.6138999462127686,1.6138999462127686,1000
2024-12-19 14:14:00-05:00,1.6138999462127686,1.6138999462127686,1.6138999462127686,1.6138999462127686,505
2024-12-19 14:15:00-05:00,,,,,0
2024-12-19 14:16:00-05:00,,,,,0
2024-12-19 14:17:00-05:00,,,,,0
2024-12-19 14:18:00-05:00,,,,,0
2024-12-19 14:19:00-05:00,,,,,0
2024-12-19 14:20:00-05:00,,,,,0
2024-12-19 14:21:00-05:00,,,,,0
2024-12-19 14:22:00-05:00,,,,,0
2024-12-19 14:23:00-05:00,,,,,0
2024-12-19 14:24:00-05:00,,,,,0
2024-12-19 14:25:00-05:00,,,,,0
2024-12-19 14:26:00-05:00,,,,,0
2024-12-19 14:27:00-05:00,,,,,0
2024-12-19 14:28:00-05:00,,,,,0
2024-12-19 14:29:00-05:00,,,,,0
2024-12-19 14:30:00-05:00,,,,,0
2024-12-19 14:31:00-05:00,,,,,0
2024-12-19 14:32:00-05:00,,,,,0
2024-12-19 14:33:00-05:00,,,,,0
2024-12-19 14:34:00-05:00,,,,,0
2024-12-19 14:35:00-05:00,,,,,0
2024-12-19 14:36:00-05:00,,,,,0
2024-12-19 14:37:00-05:00,,,,,0
2024-12-19 14:38:00-05:00,,,,,0
2024-12-19 14:39:00-05:00,,,,,0
2024-12-19 14:40:00-05:00,,,,,0
2024-12-19 14:41:00-05:00,,,,,0
2024-12-19 14:42:00-05:00,,,,,0
2024-12-19 14:43:00-05:00,1.6200000047683716,1.6200000047683716,1.6200000047683716,1.6200000047683716,610
2024-12-19 14:44:00-05:00,,,,,0
2024-12-19 14:45:00-05:00,,,,,0
2024-12-19 14:46:00-05:00,,,,,0
2024-12-19 14:47:00-05:00,,,,,0
2024-12-19 14:48:00-05:00,,,,,0
2024-12-19 14:49:00-05:00,,,,,0
2024-12-19 14:50:00-05:00,,,,,0
2024-12-19 14:51:00-05:00,,,,,0
2024-12-19 14:52:00-05:00,,,,,0
2024-12-19 14:53:00-05:00,,,,,0
2024-12-19 14:54:00-05:00,,,,,0
2024-12-19 14:55:00-05:00,,,,,0
2024-12-19 14:56:00-05:00,,,,,0
2024-12-19 14:57:00-05:00,,,,,0
2024-12-19 14:58:00-05:00,,,,,0
2024-12-19 14:59:00-05:00,,,,,0
2024-12-19 15:00:00-05:00,,,,,0
2024-12-19 15:01:00-05:00,,,,,0
2024-12-19 15:02:00-05:00,,,,,0
2024-12-19 15:03:00-05:00,,,,,0
2024-12-19 15:04:00-05:00,,,,,0
2024-12-19 15:05:00-05:00,,,,,0
2024-12-19 15:06:00-05:00,,,,,0
2024-12-19 15:07:00-05:00,,,,,0
2024-12-19 15:08:00-05:00,,,,,0
2024-12-19 15:09:00-05:00,,,,,0
2024-12-19 15:10:00-05:00,,,,,0
2024-12-19 15:11:00-05:00,,,,,0
2024-12-19 15:12:00-05:00,,,,,0
2024-12-19 15:13:00-05:00,,,,,0
2024-12-19 15:14:00-05:00,,,,,0
2024-12-19 15:15:00-05:00,,,,,0
2024-12-19 15:16:00-05:00,,,,,0
2024-12-19 15:17:00-05:00,,,,,0
2024-12-19 15:18:00-05:00,,,,,0
2024-12-19 15:19:00-05:00,,,,,0
2024-12-19 15:20:00-05:00,,,,,0
2024-12-19 15:21:00-05:00,,,,,0
2024-12-19 15:22:00-05:00,,,,,0
2024-12-19 15:23:00-05:00,1.6485999822616577,1.6485999822616577,1.6485999822616577,1.6485999822616577,500
2024-12-19 15:24:00-05:00,,,,,0
2024-12-19 15:25:00-05:00,,,,,0
2024-12-19 15:26:00-05:00,,,,,0
2024-12-19 15:27:00-05:00,,,,,0
2024-12-19 15:28:00-05:00,,,,,0
2024-12-19 15:29:00-05:00,,,,,0
2024-12-19 15:30:00-05:00,1.6549999713897705,1.6549999713897705,1.6549999713897705,1.6549999713897705,98
2024-12-19 15:31:00-05:00,1.6633000373840332,1.6799999475479126,1.659999966621399,1.659999966621399,2563
2024-12-19 15:32:00-05:00,,,,,0
2024-12-19 15:33:00-05:00,,,,,0
2024-12-19 15:34:00-05:00,,,,,0
2024-12-19 15:35:00-05:00,,,,,0
2024-12-19 15:36:00-05:00,1.6700999736785889,1.6700999736785889,1.6700999736785889,1.6700999736785889,10290
2024-12-19 15:37:00-05:00,,,,,0
2024-12-19 15:38:00-05:00,,,,,0
2024-12-19 15:39:00-05:00,1.684999942779541,1.684999942779541,1.684999942779541,1.684999942779541,0
2024-12-19 15:40:00-05:00,,,,,0
2024-12-19 15:41:00-05:00,,,,,0
2024-12-19 15:42:00-05:00,1.6700999736785889,1.6700999736785889,1.6700999736785889,1.6700999736785889,235
2024-12-19 15:43:00-05:00,1.6739000082015991,1.6739000082015991,1.6739000082015991,1.6739000082015991,1140
2024-12-19 15:44:00-05:00,,,,,0
2024-12-19 15:45:00-05:00,1.7100000381469727,1.7100000381469727,1.7100000381469727,1.7100000381469727,180
2024-12-19 15:46:00-05:00,1.7200000286102295,1.7400000095367432,1.659999966621399,1.6699999570846558,9798
2024-12-19 15:47:00-05:00,,,,,0
2024-12-19 15:48:00-05:00,,,,,0
2024-12-19 15:49:00-05:00,,,,,0
2024-12-19 15:50:00-05:00,,,,,0
2024-12-19 15:51:00-05:00,,,,,0
2024-12-19 15:52:00-05:00,,,,,0
2024-12-19 15:53:00-05:00,,,,,0
2024-12-19 15:54:00-05:00,1.659999966621399,1.659999966621399,1.6399999856948853,1.6399999856948853,428
2024-12-19 15:55:00-05:00,,,,,0
2024-12-19 15:56:00-05:00,1.659999966621399,1.659999966621399,1.659999966621399,1.659999966621399,203
2024-12-19 15:57:00-05:00,1.6699999570846558,1.6699999570846558,1.6699999570846558,1.6699999570846558,200
2024-12-19 15:58:00-05:00,1.659999966621399,1.659999966621399,1.659999966621399,1.659999966621399,1488
2024-12-19 15:59:00-05:00,,,,,0
2024-12-20 09:30:00-05:00,,,,,0
2024-12-20 09:31:00-05:00,,,,,0
2024-12-20 09:32:00-05:00,,,,,0
2024-12-20 09:33:00-05:00,,,,,0
2024-12-20 09:34:00-05:00,1.722599983215332,1.722599983215332,1.722599983215332,1.722599983215332,3113
2024-12-20 09:35:00-05:00,1.7100000381469727,1.7100000381469727,1.7085000276565552,1.7085000276565552,2002
2024-12-20 09:36:00-05:00,,,,,0
2024-12-20 09:37:00-05:00,,,,,0
2024-12-20 09:38:00-05:00,,,,,0
2024-12-20 09:39:00-05:00,,,,,0
2024-12-20 09:40:00-05:00,,,,,0
2024-12-20 09:41:00-05:00,,,,,0
2024-12-20 09:42:00-05:00,,,,,0
2024-12-20 09:43:00-05:00,,,,,0
2024-12-20 09:44:00-05:00,1.7100000381469727,1.7100000381469727,1.6950000524520874,1.6950000524520874,778
2024-12-20 09:45:00-05:00,,,,,0
2024-12-20 09:46:00-05:00,1.680999994277954,1.680999994277954,1.680999994277954,1.680999994277954,238
2024-12-20 09:47:00-05:00,1.6799999475479126,1.6799999475479126,1.6799999475479126,1.6799999475479126,307
2024-12-20 09:48:00-05:00,,,,,0
2024-12-20 09:49:00-05:00,,,,,0
2024-12-20 09:50:00-05:00,,,,,0
2024-12-20 09:51:00-05:00,,,,,0
2024-12-20 09:52:00-05:00,,,,,0
2024-12-20 09:53:00-05:00,,,,,0
2024-12-20 09:54:00-05:00,,,,,0
2024-12-20 09:55:00-05:00,1.6699999570846558,1.6699999570846558,1.6699999570846558,1.6699999570846558,557
2024-12-20 09:56:00-05:00,,,,,0
2024-12-20 09:57:00-05:00,,,,,0
2024-12-20 09:58:00-05:00,,,,,0
2024-12-20 09:59:00-05:00,1.7000000476837158,1.7000000476837158,1.7000000476837158,1.7000000476837158,200
2024-12-20 10:00:00-05:00,1.7000000476837158,1.7000000476837158,1.7000000476837158,1.7000000476837158,226
2024-12-20 10:01:00-05:00,,,,,0
2024-12-20 10:02:00-05:00,,,,,0
2024-12-20 10:03:00-05:00,,,,,0
2024-12-20 10:04:00-05:00,,,,,0
2024-12-20 10:05:00-05:00,,,,,0
2024-12-20 10:06:00-05:00,,,,,0
2024-12-20 10:07:00-05:00,,,,,0
2024-12-20 10:08:00-05:00,1.7000000476837158,1.7000000476837158,1.7000000476837158,1.7000000476837158,1598
2024-12-20 10:09:00-05:00,,,,,0
2024-12-20 10:10:00-05:00,,,,,0
2024-12-20 10:11:00-05:00,,,,,0
2024-12-20 10:12:00-05:00,,,,,0
2024-12-20 10:13:00-05:00,,,,,0
2024-12-20 10:14:00-05:00,,,,,0
2024-12-20 10:15:00-05:00,1.7300000190734863,1.7300000190734863,1.7300000190734863,1.7300000190734863,701
2024-12-20 10:16:00-05:00,1.7100000381469727,1.7100000381469727,1.7100000381469727,1.7100000381469727,416
2024-12-20 10:17:00-05:00,,,,,0
2024-12-20 10:18:00-05:00,,,,,0
2024-12-20 10:19:00-05:00,,,,,0
2024-12-20 10:20:00-05:00,1.7300000190734863,1.7300000190734863,1.7300000190734863,1.7300000190734863,1249
2024-12-20 10:21:00-05:00,1.7649999856948853,1.7649999856948853,1.7649999856948853,1.7649999856948853,3578
2024-12-20 10:22:00-05:00,1.7599999904632568,1.7649999856948853,1.7599999904632568,1.7649999856948853,222
2024-12-20 10:23:00-05:00,1.7899999618530273,1.794600009918213,1.7649999856948853,1.7649999856948853,1612
2024-12-20 10:24:00-05:00,,,,,0
2024-12-20 10:25:00-05:00,1.7450000047683716,1.7450000047683716,1.7450000047683716,1.7450000047683716,204
2024-12-20 10:26:00-05:00,,,,,0
2024-12-20 10:27:00-05:00,,,,,0
2024-12-20 10:28:00-05:00,,,,,0
2024-12-20 10:29:00-05:00,1.7580000162124634,1.7580000162124634,1.7580000162124634,1.7580000162124634,208
2024-12-20 10:30:00-05:00,,,,,0
2024-12-20 10:31:00-05:00,,,,,0
2024-12-20 10:32:00-05:00,,,,,0
2024-12-20 10:33:00-05:00,,,,,0
2024-12-20 10:34:00-05:00,,,,,0
2024-12-20 10:35:00-05:00,1.7599999904632568,1.7599999904632568,1.7599999904632568,1.7599999904632568,502
2024-12-20 10:36:00-05:00,,,,,0
2024-12-20 10:37:00-05:00,,,,,0
2024-12-20 10:38:00-05:00,,,,,0
2024-12-20 10:39:00-05:00,,,,,0
2024-12-20 10:40:00-05:00,,,,,0
2024-12-20 10:41:00-05:00,,,,,0
2024-12-20 10:42:00-05:00,,,,,0
2024-12-20 10:43:00-05:00,1.7301000356674194,1.7301000356674194,1.7301000356674194,1.7301000356674194,1360
2024-12-20 10:44:00-05:00,1.754699945449829,1.7599999904632568,1.754699945449829,1.7599999904632568,1507
2024-12-20 10:45:00-05:00,1.7599999904632568,1.7599999904632568,1.7599999904632568,1.7599999904632568,501
2024-12-20 10:46:00-05:00,,,,,0
2024-12-20 10:47:00-05:00,,,,,0
2024-12-20 10:48:00-05:00,,,,,0
2024-12-20 10:49:00-05:00,,,,,0
2024-12-20 10:50:00-05:00,,,,,0
2024-12-20 10:51:00-05:00,,,,,0
2024-12-20 10:52:00-05:00,1.7989000082015991,1.7989000082015991,1.7989000082015991,1.7989000082015991,2083
2024-12-20 10:53:00-05:00,1.7799999713897705,1.7999000549316406,1.7799999713897705,1.7999000549316406,864
2024-12-20 10:54:00-05:00,,,,,0
2024-12-20 10:55:00-05:00,,,,,0
2024-12-20 10:56:00-05:00,,,,,0
2024-12-20 10:57:00-05:00,,,,,0
2024-12-20 10:58:00-05:00,,,,,0
2024-12-20 10:59:00-05:00,,,,,0
2024-12-20 11:00:00-05:00,,,,,0
2024-12-20 11:01:00-05:00,,,,,0
2024-12-20 11:02:00-05:00,,,,,0
2024-12-20 11:03:00-05:00,,,,,0
2024-12-20 11:04:00-05:00,,,,,0
2024-12-20 11:05:00-05:00,,,,,0
2024-12-20 11:06:00-05:00,,,,,0
2024-12-20 11:07:00-05:00,,,,,0
2024-12-20 11:08:00-05:00,,,,,0
2024-12-20 11:09:00-05:00,,,,,0
2024-12-20 11:10:00-05:00,,,,,0
2024-12-20 11:11:00-05:00,,,,,0
2024-12-20 11:12:00-05:00,,,,,0
2024-12-20 11:13:00-05:00,,,,,0
2024-12-20 11:14:00-05:00,,,,,0
2024-12-20 11:15:00-05:00,1.7675000429153442,1.7675000429153442,1.7675000429153442,1.7675000429153442,395
2024-12-20 11:16:00-05:00,,,,,0
2024-12-20 11:17:00-05:00,1.770900011062622,1.770900011062622,1.7699999809265137,1.7699999809265137,400
2024-12-20 11:18:00-05:00,1.7649999856948853,1.7649999856948853,1.7649999856948853,1.7649999856948853,280
2024-12-20 11:19:00-05:00,,,,,0
2024-12-20 11:20:00-05:00,,,,,0
2024-12-20 11:21:00-05:00,,,,,0
2024-12-20 11:22:00-05:00,,,,,0
2024-12-20 11:23:00-05:00,,,,,0
2024-12-20 11:24:00-05:00,,,,,0
2024-12-20 11:25:00-05:00,1.7410000562667847,1.7410000562667847,1.7410000562667847,1.7410000562667847,501
2024-12-20 11:26:00-05:00,,,,,0
2024-12-20 11:27:00-05:00,,,,,0
2024-12-20 11:28:00-05:00,,,,,0
2024-12-20 11:29:00-05:00,,,,,0
2024-12-20 11:30:00-05:00,,,,,0
2024-12-20 11:31:00-05:00,,,,,0
2024-12-20 11:32:00-05:00,1.7525999546051025,1.7525999546051025,1.7525999546051025,1.7525999546051025,300
2024-12-20 11:33:00-05:00,,,,,0
2024-12-20 11:34:00-05:00,1.7799999713897705,1.7799999713897705,1.7799999713897705,1.7799999713897705,340
2024-12-20 11:35:00-05:00,,,,,0
2024-12-20 11:36:00-05:00,,,,,0
2024-12-20 11:37:00-05:00,1.7899999618530273,1.7899999618530273,1.7898999452590942,1.7898999452590942,3632
2024-12-20 11:38:00-05:00,,,,,0
2024-12-20 11:39:00-05:00,,,,,0
2024-12-20 11:40:00-05:00,,,,,0
2024-12-20 11:41:00-05:00,,,,,0
2024-12-20 11:42:00-05:00,,,,,0
2024-12-20 11:43:00-05:00,,,,,0
2024-12-20 11:44:00-05:00,,,,,0
2024-12-20 11:45:00-05:00,,,,,0
2024-12-20 11:46:00-05:00,1.7502000331878662,1.7699999809265137,1.7302000522613525,1.7302000522613525,19911
2024-12-20 11:47:00-05:00,,,,,0
2024-12-20 11:48:00-05:00,,,,,0
2024-12-20 11:49:00-05:00,,,,,0
2024-12-20 11:50:00-05:00,1.7648999691009521,1.7648999691009521,1.7648999691009521,1.7648999691009521,0
2024-12-20 11:51:00-05:00,,,,,0
2024-12-20 11:52:00-05:00,,,,,0
2024-12-20 11:53:00-05:00,,,,,0
2024-12-20 11:54:00-05:00,,,,,0
2024-12-20 11:55:00-05:00,,,,,0
2024-12-20 11:56:00-05:00,,,,,0
2024-12-20 11:57:00-05:00,,,,,0
2024-12-20 11:58:00-05:00,,,,,0
2024-12-20 11:59:00-05:00,,,,,0
2024-12-20 12:00:00-05:00,1.7300000190734863,1.7300000190734863,1.7300000190734863,1.7300000190734863,211
2024-12-20 12:01:00-05:00,,,,,0
2024-12-20 12:02:00-05:00,,,,,0
2024-12-20 12:03:00-05:00,,,,,0
2024-12-20 12:04:00-05:00,,,,,0
2024-12-20 12:05:00-05:00,,,,,0
2024-12-20 12:06:00-05:00,,,,,0
2024-12-20 12:07:00-05:00,,,,,0
2024-12-20 12:08:00-05:00,,,,,0
2024-12-20 12:09:00-05:00,,,,,0
2024-12-20 12:10:00-05:00,,,,,0
2024-12-20 12:11:00-05:00,,,,,0
2024-12-20 12:12:00-05:00,,,,,0
2024-12-20 12:13:00-05:00,,,,,0
2024-12-20 12:14:00-05:00,,,,,0
2024-12-20 12:15:00-05:00,,,,,0
2024-12-20 12:16:00-05:00,1.75,1.75,1.7400000095367432,1.7400000095367432,2500
2024-12-20 12:17:00-05:00,1.7400000095367432,1.7400000095367432,1.7400000095367432,1.7400000095367432,0
2024-12-20 12:18:00-05:00,1.7400000095367432,1.757699966430664,1.7400000095367432,1.7400000095367432,2050
2024-12-20 12:19:00-05:00,1.7300000190734863,1.7300000190734863,1.7200000286102295,1.7200000286102295,1110
2024-12-20 12:20:00-05:00,,,,,0
2024-12-20 12:21:00-05:00,,,,,0
2024-12-20 12:22:00-05:00,,,,,0
2024-12-20 12:23:00-05:00,,,,,0
2024-12-20 12:24:00-05:00,,,,,0
2024-12-20 12:25:00-05:00,,,,,0
2024-12-20 12:26:00-05:00,,,,,0
2024-12-20 12:27:00-05:00,1.75,1.75,1.75,1.75,283
2024-12-20 12:28:00-05:00,1.7799999713897705,1.7799999713897705,1.7799999713897705,1.7799999713897705,905
2024-12-20 12:29:00-05:00,,,,,0
2024-12-20 12:30:00-05:00,1.7676000595092773,1.7676000595092773,1.7676000595092773,1.7676000595092773,1000
2024-12-20 12:31:00-05:00,,,,,0
2024-12-20 12:32:00-05:00,,,,,0
2024-12-20 12:33:00-05:00,,,,,0
2024-12-20 12:34:00-05:00,1.7599999904632568,1.7599999904632568,1.7599999904632568,1.7599999904632568,2001
2024-12-20 12:35:00-05:00,,,,,0
2024-12-20 12:36:00-05:00,,,,,0
2024-12-20 12:37:00-05:00,,,,,0
2024-12-20 12:38:00-05:00,,,,,0
2024-12-20 12:39:00-05:00,,,,,0
2024-12-20 12:40:00-05:00,,,,,0
2024-12-20 12:41:00-05:00,,,,,0
2024-12-20 12:42:00-05:00,,,,,0
2024-12-20 12:43:00-05:00,,,,,0
2024-12-20 12:44:00-05:00,,,,,0
2024-12-20 12:45:00-05:00,1.7699999809265137,1.7699999809265137,1.7699999809265137,1.7699999809265137,562
2024-12-20 12:46:00-05:00,,,,,0
2024-12-20 12:47:00-05:00,,,,,0
2024-12-20 12:48:00-05:00,,,,,0
2024-12-20 12:49:00-05:00,,,,,0
2024-12-20 12:50:00-05:00,,,,,0
2024-12-20 12:51:00-05:00,,,,,0
2024-12-20 12:52:00-05:00,,,,,0
2024-12-20 12:53:00-05:00,,,,,0
2024-12-20 12:54:00-05:00,,,,,0
2024-12-20 12:55:00-05:00,,,,,0
2024-12-20 12:56:00-05:00,,,,,0
2024-12-20 12:57:00-05:00,,,,,0
2024-12-20 12:58:00-05:00,,,,,0
2024-12-20 12:59:00-05:00,,,,,0
2024-12-20 13:00:00-05:00,,,,,0
2024-12-20 13:01:00-05:00,,,,,0
2024-12-20 13:02:00-05:00,,,,,0
2024-12-20 13:03:00-05:00,,,,,0
2024-12-20 13:04:00-05:00,,,,,0
2024-12-20 13:05:00-05:00,,,,,0
2024-12-20 13:06:00-05:00,,,,,0
2024-12-20 13:07:00-05:00,,,,,0
2024-12-20 13:08:00-05:00,1.7604000568389893,1.7604000568389893,1.7599999904632568,1.7599999904632568,655
2024-12-20 13:09:00-05:00,,,,,0
2024-12-20 13:10:00-05:00,,,,,0
2024-12-20 13:11:00-05:00,1.7599999904632568,1.7599999904632568,1.7599999904632568,1.7599999904632568,635
2024-12-20 13:12:00-05:00,,,,,0
2024-12-20 13:13:00-05:00,1.7721999883651733,1.7721999883651733,1.7721999883651733,1.7721999883651733,206
2024-12-20 13:14:00-05:00,,,,,0
2024-12-20 13:15:00-05:00,,,,,0
2024-12-20 13:16:00-05:00,,,,,0
2024-12-20 13:17:00-05:00,,,,,0
2024-12-20 13:18:00-05:00,,,,,0
2024-12-20 13:19:00-05:00,,,,,0
2024-12-20 13:20:00-05:00,,,,,0
2024-12-20 13:21:00-05:00,,,,,0
2024-12-20 13:22:00-05:00,,,,,0
2024-12-20 13:23:00-05:00,,,,,0
2024-12-20 13:24:00-05:00,,,,,0
2024-12-20 13:25:00-05:00,,,,,0
2024-12-20 13:26:00-05:00,,,,,0
2024-12-20 13:27:00-05:00,,,,,0
2024-12-20 13:28:00-05:00,,,,,0
2024-12-20 13:29:00-05:00,,,,,0
2024-12-20 13:30:00-05:00,1.7603000402450562,1.7603000402450562,1.7603000402450562,1.7603000402450562,768
2024-12-20 13:31:00-05:00,,,,,0
2024-12-20 13:32:00-05:00,,,,,0
2024-12-20 13:33:00-05:00,,,,,0
2024-12-20 13:34:00-05:00,,,,,0
2024-12-20 13:35:00-05:00,,,,,0
2024-12-20 13:36:00-05:00,,,,,0
2024-12-20 13:37:00-05:00,,,,,0
2024-12-20 13:38:00-05:00,,,,,0
2024-12-20 13:39:00-05:00,,,,,0
2024-12-20 13:40:00-05:00,,,,,0
2024-12-20 13:41:00-05:00,,,,,0
2024-12-20 13:42:00-05:00,,,,,0
2024-12-20 13:43:00-05:00,,,,,0
2024-12-20 13:44:00-05:00,,,,,0
2024-12-20 13:45:00-05:00,,,,,0
2024-12-20 13:46:00-05:00,,,,,0
2024-12-20 13:47:00-05:00,,,,,0
2024-12-20 13:48:00-05:00,,,,,0
2024-12-20 13:49:00-05:00,,,,,0
2024-12-20 13:50:00-05:00,,,,,0
2024-12-20 13:51:00-05:00,,,,,0
2024-12-20 13:52:00-05:00,,,,,0
2024-12-20 13:53:00-05:00,,,,,0
2024-12-20 13:54:00-05:00,,,,,0
2024-12-20 13:55:00-05:00,,,,,0
2024-12-20 13:56:00-05:00,,,,,0
2024-12-20 13:57:00-05:00,,,,,0
2024-12-20 13:58:00-05:00,,,,,0
2024-12-20 13:59:00-05:00,,,,,0
2024-12-20 14:00:00-05:00,,,,,0
2024-12-20 14:01:00-05:00,,,,,0
2024-12-20 14:02:00-05:00,,,,,0
2024-12-20 14:03:00-05:00,,,,,0
2024-12-20 14:04:00-05:00,,,,,0
2024-12-20 14:05:00-05:00,,,,,0
2024-12-20 14:06:00-05:00,,,,,0
2024-12-20 14:07:00-05:00,,,,,0
2024-12-20 14:08:00-05:00,,,,,0
2024-12-20 14:09:00-05:00,,,,,0
2024-12-20 14:10:00-05:00,,,,,0
2024-12-20 14:11:00-05:00,,,,,0
2024-12-20 14:12:00-05:00,,,,,0
2024-12-20 14:13:00-05:00,,,,,0
2024-12-20 14:14:00-05:00,,,,,0
2024-12-20 14:15:00-05:00,1.771399974822998,1.771399974822998,1.771399974822998,1.771399974822998,364
2024-12-20 14:16:00-05:00,,,,,0
2024-12-20 14:17:00-05:00,,,,,0
2024-12-20 14:18:00-05:00,,,,,0
2024-12-20 14:19:00-05:00,,,,,0
2024-12-20 14:20:00-05:00,,,,,0
2024-12-20 14:21:00-05:00,,,,,0
2024-12-20 14:22:00-05:00,,,,,0
2024-12-20 14:23:00-05:00,1.7879999876022339,1.7879999876022339,1.7879999876022339,1.7879999876022339,200
2024-12-20 14:24:00-05:00,1.7883000373840332,1.7883000373840332,1.7883000373840332,1.7883000373840332,500
2024-12-20 14:25:00-05:00,,,,,0
2024-12-20 14:26:00-05:00,,,,,0
2024-12-20 14:27:00-05:00,,,,,0
2024-12-20 14:28:00-05:00,,,,,0
2024-12-20 14:29:00-05:00,,,,,0
2024-12-20 14:30:00-05:00,,,,,0
2024-12-20 14:31:00-05:00,,,,,0
2024-12-20 14:32:00-05:00,1.7699999809265137,1.7699999809265137,1.7699999809265137,1.7699999809265137,1161
2024-12-20 14:33:00-05:00,,,,,0
2024-12-20 14:34:00-05:00,,,,,0
2024-12-20 14:35:00-05:00,,,,,0
2024-12-20 14:36:00-05:00,,,,,0
2024-12-20 14:37:00-05:00,,,,,0
2024-12-20 14:38:00-05:00,,,,,0
2024-12-20 14:39:00-05:00,,,,,0
2024-12-20 14:40:00-05:00,,,,,0
2024-12-20 14:41:00-05:00,,,,,0
2024-12-20 14:42:00-05:00,,,,,0
2024-12-20 14:43:00-05:00,,,,,0
2024-12-20 14:44:00-05:00,,,,,0
2024-12-20 14:45:00-05:00,,,,,0
2024-12-20 14:46:00-05:00,1.7800999879837036,1.7800999879837036,1.7800999879837036,1.7800999879837036,1020
2024-12-20 14:47:00-05:00,,,,,0
2024-12-20 14:48:00-05:00,1.7899999618530273,1.7899999618530273,1.7899999618530273,1.7899999618530273,0
2024-12-20 14:49:00-05:00,,,,,0
2024-12-20 14:50:00-05:00,,,,,0
2024-12-20 14:51:00-05:00,,,,,0
2024-12-20 14:52:00-05:00,,,,,0
2024-12-20 14:53:00-05:00,1.781000018119812,1.781000018119812,1.7799999713897705,1.7799999713897705,2159
2024-12-20 14:54:00-05:00,,,,,0
2024-12-20 14:55:00-05:00,,,,,0
2024-12-20 14:56:00-05:00,,,,,0
2024-12-20 14:57:00-05:00,,,,,0
2024-12-20 14:58:00-05:00,,,,,0
2024-12-20 14:59:00-05:00,,,,,0
2024-12-20 15:00:00-05:00,,,,,0
2024-12-20 15:01:00-05:00,,,,,0
2024-12-20 15:02:00-05:00,,,,,0
2024-12-20 15:03:00-05:00,,,,,0
2024-12-20 15:04:00-05:00,,,,,0
2024-12-20 15:05:00-05:00,,,,,0
2024-12-20 15:06:00-05:00,,,,,0
2024-12-20 15:07:00-05:00,,,,,0
2024-12-20 15:08:00-05:00,,,,,0
2024-12-20 15:09:00-05:00,,,,,0
2024-12-20 15:10:00-05:00,,,,,0
2024-12-20 15:11:00-05:00,1.7999999523162842,1.7999999523162842,1.7999999523162842,1.7999999523162842,585
2024-12-20 15:12:00-05:00,,,,,0
2024-12-20 15:13:00-05:00,1.809999942779541,1.809999942779541,1.809999942779541,1.809999942779541,370
2024-12-20 15:14:00-05:00,,,,,0
2024-12-20 15:15:00-05:00,1.8000999689102173,1.809999942779541,1.8000999689102173,1.809999942779541,7571
2024-12-20 15:16:00-05:00,1.809999942779541,1.840000033378601,1.809999942779541,1.840000033378601,6964
2024-12-20 15:17:00-05:00,1.8300000429153442,1.8499000072479248,1.8300000429153442,1.8499000072479248,6771
2024-12-20 15:18:00-05:00,1.8450000286102295,1.8450000286102295,1.8450000286102295,1.8450000286102295,102
2024-12-20 15:19:00-05:00,1.8499000072479248,1.8499000072479248,1.8499000072479248,1.8499000072479248,200
2024-12-20 15:20:00-05:00,1.8450000286102295,1.8450000286102295,1.8450000286102295,1.8450000286102295,928
2024-12-20 15:21:00-05:00,1.840000033378601,1.840000033378601,1.8348000049591064,1.8348000049591064,1233
2024-12-20 15:22:00-05:00,1.8220000267028809,1.8220000267028809,1.8200000524520874,1.8200000524520874,1500
2024-12-20 15:23:00-05:00,1.7920000553131104,1.8049999475479126,1.7920000553131104,1.8049999475479126,1200
2024-12-20 15:24:00-05:00,1.7920000553131104,1.7920000553131104,1.7899999618530273,1.7899999618530273,790
2024-12-20 15:25:00-05:00,1.7899999618530273,1.7899999618530273,1.7899999618530273,1.7899999618530273,1029
2024-12-20 15:26:00-05:00,,,,,0
2024-12-20 15:27:00-05:00,,,,,0
2024-12-20 15:28:00-05:00,,,,,0
2024-12-20 15:29:00-05:00,,,,,0
2024-12-20 15:30:00-05:00,,,,,0
2024-12-20 15:31:00-05:00,,,,,0
2024-12-20 15:32:00-05:00,1.7899999618530273,1.7899999618530273,1.7899999618530273,1.7899999618530273,692
2024-12-20 15:33:00-05:00,,,,,0
2024-12-20 15:34:00-05:00,,,,,0
2024-12-20 15:35:00-05:00,,,,,0
2024-12-20 15:36:00-05:00,,,,,0
2024-12-20 15:37:00-05:00,,,,,0
2024-12-20 15:38:00-05:00,,,,,0
2024-12-20 15:39:00-05:00,,,,,0
2024-12-20 15:40:00-05:00,,,,,0
2024-12-20 15:41:00-05:00,,,,,0
2024-12-20 15:42:00-05:00,,,,,0
2024-12-20 15:43:00-05:00,,,,,0
2024-12-20 15:44:00-05:00,,,,,0
2024-12-20 15:45:00-05:00,,,,,0
2024-12-20 15:46:00-05:00,,,,,0
2024-12-20 15:47:00-05:00,,,,,0
2024-12-20 15:48:00-05:00,,,,,0
2024-12-20 15:49:00-05:00,,,,,0
2024-12-20 15:50:00-05:00,,,,,0
2024-12-20 15:51:00-05:00,,,,,0
2024-12-20 15:52:00-05:00,,,,,0
2024-12-20 15:53:00-05:00,,,,,0
2024-12-20 15:54:00-05:00,,,,,0
2024-12-20 15:55:00-05:00,,,,,0
2024-12-20 15:56:00-05:00,,,,,0
2024-12-20 15:57:00-05:00,,,,,0
2024-12-20 15:58:00-05:00,,,,,0
2024-12-20 15:59:00-05:00,1.7699999809265137,1.7699999809265137,1.75,1.75,5067
2024-12-23 09:30:00-05:00,,,,,0
2024-12-23 09:31:00-05:00,1.809999942779541,1.809999942779541,1.809999942779541,1.809999942779541,11681
2024-12-23 09:32:00-05:00,1.7799999713897705,1.7799999713897705,1.75,1.75,2363
2024-12-23 09:33:00-05:00,,,,,0
2024-12-23 09:34:00-05:00,,,,,0
2024-12-23 09:35:00-05:00,1.7699999809265137,1.7699999809265137,1.7699999809265137,1.7699999809265137,420
2024-12-23 09:36:00-05:00,1.7599999904632568,1.7599999904632568,1.7599999904632568,1.7599999904632568,377
2024-12-23 09:37:00-05:00,,,,,0
2024-12-23 09:38:00-05:00,1.7604000568389893,1.7604000568389893,1.7604000568389893,1.7604000568389893,370
2024-12-23 09:39:00-05:00,1.7719999551773071,1.7719999551773071,1.7719999551773071,1.7719999551773071,15
2024-12-23 09:40:00-05:00,1.7699999809265137,1.7908999919891357,1.7699999809265137,1.7908999919891357,106
2024-12-23 09:41:00-05:00,,,,,0
2024-12-23 09:42:00-05:00,,,,,0
2024-12-23 09:43:00-05:00,,,,,0
2024-12-23 09:44:00-05:00,,,,,0
2024-12-23 09:45:00-05:00,,,,,0
2024-12-23 09:46:00-05:00,,,,,0
2024-12-23 09:47:00-05:00,,,,,0
2024-12-23 09:48:00-05:00,1.7699999809265137,1.8220000267028809,1.7699999809265137,1.8220000267028809,220
2024-12-23 09:49:00-05:00,,,,,0
2024-12-23 09:50:00-05:00,,,,,0
2024-12-23 09:51:00-05:00,1.809999942779541,1.809999942779541,1.809999942779541,1.809999942779541,402
2024-12-23 09:52:00-05:00,,,,,0
2024-12-23 09:53:00-05:00,1.7702000141143799,1.7702000141143799,1.7702000141143799,1.7702000141143799,329
2024-12-23 09:54:00-05:00,,,,,0
2024-12-23 09:55:00-05:00,,,,,0
2024-12-23 09:56:00-05:00,,,,,0
2024-12-23 09:57:00-05:00,,,,,0
2024-12-23 09:58:00-05:00,,,,,0
2024-12-23 09:59:00-05:00,,,,,0
2024-12-23 10:00:00-05:00,,,,,0
2024-12-23 10:01:00-05:00,,,,,0
2024-12-23 10:02:00-05:00,,,,,0
2024-12-23 10:03:00-05:00,,,,,0
2024-12-23 10:04:00-05:00,,,,,0
2024-12-23 10:05:00-05:00,,,,,0
2024-12-23 10:06:00-05:00,,,,,0
2024-12-23 10:07:00-05:00,,,,,0
2024-12-23 10:08:00-05:00,1.7799999713897705,1.7799999713897705,1.7799999713897705,1.7799999713897705,154
2024-12-23 10:09:00-05:00,,,,,0
2024-12-23 10:10:00-05:00,,,,,0
2024-12-23 10:11:00-05:00,,,,,0
2024-12-23 10:12:00-05:00,,,,,0
2024-12-23 10:13:00-05:00,,,,,0
2024-12-23 10:14:00-05:00,1.7949999570846558,1.7949999570846558,1.7949999570846558,1.7949999570846558,379
2024-12-23 10:15:00-05:00,,,,,0
2024-12-23 10:16:00-05:00,,,,,0
2024-12-23 10:17:00-05:00,,,,,0
2024-12-23 10:18:00-05:00,,,,,0
2024-12-23 10:19:00-05:00,,,,,0
2024-12-23 10:20:00-05:00,,,,,0
2024-12-23 10:21:00-05:00,,,,,0
2024-12-23 10:22:00-05:00,,,,,0
2024-12-23 10:23:00-05:00,,,,,0
2024-12-23 10:24:00-05:00,,,,,0
2024-12-23 10:25:00-05:00,,,,,0
2024-12-23 10:26:00-05:00,,,,,0
2024-12-23 10:27:00-05:00,,,,,0
2024-12-23 10:28:00-05:00,,,,,0
2024-12-23 10:29:00-05:00,,,,,0
2024-12-23 10:30:00-05:00,,,,,0
2024-12-23 10:31:00-05:00,,,,,0
2024-12-23 10:32:00-05:00,,,,,0
2024-12-23 10:33:00-05:00,1.7999999523162842,1.7999999523162842,1.7999999523162842,1.7999999523162842,178
2024-12-23 10:34:00-05:00,,,,,0
2024-12-23 10:35:00-05:00,,,,,0
2024-12-23 10:36:00-05:00,,,,,0
2024-12-23 10:37:00-05:00,,,,,0
2024-12-23 10:38:00-05:00,,,,,0
2024-12-23 10:39:00-05:00,,,,,0
2024-12-23 10:40:00-05:00,,,,,0
2024-12-23 10:41:00-05:00,,,,,0
2024-12-23 10:42:00-05:00,1.8200000524520874,1.8200000524520874,1.8200000524520874,1.8200000524520874,149
2024-12-23 10:43:00-05:00,,,,,0
2024-12-23 10:44:00-05:00,1.8200000524520874,1.8200000524520874,1.8200000524520874,1.8200000524520874,600
2024-12-23 10:45:00-05:00,,,,,0
2024-12-23 10:46:00-05:00,1.8135000467300415,1.8200000524520874,1.7899999618530273,1.8200000524520874,1471
2024-12-23 10:47:00-05:00,,,,,0
2024-12-23 10:48:00-05:00,,,,,0
2024-12-23 10:49:00-05:00,,,,,0
2024-12-23 10:50:00-05:00,1.8020000457763672,1.8020000457763672,1.8020000457763672,1.8020000457763672,300
2024-12-23 10:51:00-05:00,,,,,0
2024-12-23 10:52:00-05:00,1.7999999523162842,1.7999999523162842,1.7599999904632568,1.7599999904632568,11410
2024-12-23 10:53:00-05:00,1.7899999618530273,1.7899999618530273,1.7899999618530273,1.7899999618530273,0
2024-12-23 10:54:00-05:00,,,,,0
2024-12-23 10:55:00-05:00,,,,,0
2024-12-23 10:56:00-05:00,,,,,0
2024-12-23 10:57:00-05:00,,,,,0
2024-12-23 10:58:00-05:00,,,,,0
2024-12-23 10:59:00-05:00,,,,,0
2024-12-23 11:00:00-05:00,,,,,0
2024-12-23 11:01:00-05:00,,,,,0
2024-12-23 11:02:00-05:00,,,,,0
2024-12-23 11:03:00-05:00,,,,,0
2024-12-23 11:04:00-05:00,,,,,0
2024-12-23 11:05:00-05:00,,,,,0
2024-12-23 11:06:00-05:00,,,,,0
2024-12-23 11:07:00-05:00,,,,,0
2024-12-23 11:08:00-05:00,,,,,0
2024-12-23 11:09:00-05:00,,,,,0
2024-12-23 11:10:00-05:00,,,,,0
2024-12-23 11:11:00-05:00,,,,,0
2024-12-23 11:12:00-05:00,,,,,0
2024-12-23 11:13:00-05:00,,,,,0
2024-12-23 11:14:00-05:00,,,,,0
2024-12-23 11:15:00-05:00,,,,,0
2024-12-23 11:16:00-05:00,,,,,0
2024-12-23 11:17:00-05:00,,,,,0
2024-12-23 11:18:00-05:00,,,,,0
2024-12-23 11:19:00-05:00,,,,,0
2024-12-23 11:20:00-05:00,,,,,0
2024-12-23 11:21:00-05:00,1.8200000524520874,1.8200000524520874,1.7999999523162842,1.7999999523162842,1883
2024-12-23 11:22:00-05:00,,,,,0
2024-12-23 11:23:00-05:00,,,,,0
2024-12-23 11:24:00-05:00,,,,,0
2024-12-23 11:25:00-05:00,,,,,0
2024-12-23 11:26:00-05:00,,,,,0
2024-12-23 11:27:00-05:00,,,,,0
2024-12-23 11:28:00-05:00,,,,,0
2024-12-23 11:29:00-05:00,,,,,0
2024-12-23 11:30:00-05:00,,,,,0
2024-12-23 11:31:00-05:00,,,,,0
2024-12-23 11:32:00-05:00,,,,,0
2024-12-23 11:33:00-05:00,,,,,0
2024-12-23 11:34:00-05:00,,,,,0
2024-12-23 11:35:00-05:00,,,,,0
2024-12-23 11:36:00-05:00,,,,,0
2024-12-23 11:37:00-05:00,,,,,0
2024-12-23 11:38:00-05:00,,,,,0
2024-12-23 11:39:00-05:00,,,,,0
2024-12-23 11:40:00-05:00,,,,,0
2024-12-23 11:41:00-05:00,,,,,0
2024-12-23 11:42:00-05:00,,,,,0
2024-12-23 11:43:00-05:00,,,,,0
2024-12-23 11:44:00-05:00,1.8200000524520874,1.850000023841858,1.8181999921798706,1.850000023841858,19365
2024-12-23 11:45:00-05:00,,,,,0
2024-12-23 11:46:00-05:00,,,,,0
2024-12-23 11:47:00-05:00,1.8609999418258667,1.8609999418258667,1.8609999418258667,1.8609999418258667,355
2024-12-23 11:48:00-05:00,,,,,0
2024-12-23 11:49:00-05:00,1.8867000341415405,1.8867000341415405,1.8867000341415405,1.8867000341415405,554
2024-12-23 11:50:00-05:00,,,,,0
2024-12-23 11:51:00-05:00,,,,,0
2024-12-23 11:52:00-05:00,,,,,0
2024-12-23 11:53:00-05:00,1.8898999691009521,1.8898999691009521,1.8898999691009521,1.8898999691009521,118
2024-12-23 11:54:00-05:00,,,,,0
2024-12-23 11:55:00-05:00,1.8799999952316284,1.8799999952316284,1.8799999952316284,1.8799999952316284,226
2024-12-23 11:56:00-05:00,1.8700000047683716,1.8700000047683716,1.8700000047683716,1.8700000047683716,141
2024-12-23 11:57:00-05:00,,,,,0
2024-12-23 11:58:00-05:00,,,,,0
2024-12-23 11:59:00-05:00,1.8601000308990479,1.8601000308990479,1.8601000308990479,1.8601000308990479,576
2024-12-23 12:00:00-05:00,1.8700000047683716,1.8799999952316284,1.8700000047683716,1.8799999952316284,489
2024-12-23 12:01:00-05:00,,,,,0
2024-12-23 12:02:00-05:00,,,,,0
2024-12-23 12:03:00-05:00,1.8799999952316284,1.8799999952316284,1.8799999952316284,1.8799999952316284,1295
2024-12-23 12:04:00-05:00,,,,,0
2024-12-23 12:05:00-05:00,1.899899959564209,1.899899959564209,1.899899959564209,1.899899959564209,620
2024-12-23 12:06:00-05:00,1.8942999839782715,1.8942999839782715,1.8942999839782715,1.8942999839782715,927
2024-12-23 12:07:00-05:00,,,,,0
2024-12-23 12:08:00-05:00,,,,,0
2024-12-23 12:09:00-05:00,,,,,0
2024-12-23 12:10:00-05:00,1.8940000534057617,1.8940000534057617,1.8940000534057617,1.8940000534057617,594
2024-12-23 12:11:00-05:00,,,,,0
2024-12-23 12:12:00-05:00,,,,,0
2024-12-23 12:13:00-05:00,,,,,0
2024-12-23 12:14:00-05:00,,,,,0
2024-12-23 12:15:00-05:00,,,,,0
2024-12-23 12:16:00-05:00,1.8799999952316284,1.8799999952316284,1.8799999952316284,1.8799999952316284,333
2024-12-23 12:17:00-05:00,,,,,0
2024-12-23 12:18:00-05:00,,,,,0
2024-12-23 12:19:00-05:00,1.8799999952316284,1.8799999952316284,1.8799999952316284,1.8799999952316284,200
2024-12-23 12:20:00-05:00,,,,,0
2024-12-23 12:21:00-05:00,,,,,0
2024-12-23 12:22:00-05:00,,,,,0
2024-12-23 12:23:00-05:00,,,,,0
2024-12-23 12:24:00-05:00,1.8799999952316284,1.8799999952316284,1.8722000122070312,1.8722000122070312,348
2024-12-23 12:25:00-05:00,1.8799999952316284,1.8799999952316284,1.8799999952316284,1.8799999952316284,156
2024-12-23 12:26:00-05:00,1.8799999952316284,1.8799999952316284,1.8799999952316284,1.8799999952316284,237
2024-12-23 12:27:00-05:00,,,,,0
2024-12-23 12:28:00-05:00,1.8849999904632568,1.8849999904632568,1.8849999904632568,1.8849999904632568,1133
2024-12-23 12:29:00-05:00,,,,,0
2024-12-23 12:30:00-05:00,,,,,0
2024-12-23 12:31:00-05:00,,,,,0
2024-12-23 12:32:00-05:00,,,,,0
2024-12-23 12:33:00-05:00,,,,,0
2024-12-23 12:34:00-05:00,,,,,0
2024-12-23 12:35:00-05:00,,,,,0
2024-12-23 12:36:00-05:00,,,,,0
2024-12-23 12:37:00-05:00,,,,,0
2024-12-23 12:38:00-05:00,,,,,0
2024-12-23 12:39:00-05:00,,,,,0
2024-12-23 12:40:00-05:00,,,,,0
2024-12-23 12:41:00-05:00,,,,,0
2024-12-23 12:42:00-05:00,,,,,0
2024-12-23 12:43:00-05:00,,,,,0
2024-12-23 12:44:00-05:00,,,,,0
2024-12-23 12:45:00-05:00,1.8899999856948853,1.8899999856948853,1.8899999856948853,1.8899999856948853,1027
2024-12-23 12:46:00-05:00,,,,,0
2024-12-23 12:47:00-05:00,1.8930000066757202,1.8930000066757202,1.8930000066757202,1.8930000066757202,200
2024-12-23 12:48:00-05:00,,,,,0
2024-12-23 12:49:00-05:00,1.899899959564209,1.899899959564209,1.899899959564209,1.899899959564209,2424
2024-12-23 12:50:00-05:00,,,,,0
2024-12-23 12:51:00-05:00,1.899999976158142,1.899999976158142,1.899899959564209,1.899999976158142,2198
2024-12-23 12:52:00-05:00,1.8700000047683716,1.8700000047683716,1.8700000047683716,1.8700000047683716,0
2024-12-23 12:53:00-05:00,1.8600000143051147,1.86080002784729,1.8600000143051147,1.86080002784729,2031
2024-12-23 12:54:00-05:00,1.8824000358581543,1.8824000358581543,1.8654999732971191,1.8654999732971191,3522
2024-12-23 12:55:00-05:00,,,,,0
2024-12-23 12:56:00-05:00,1.909999966621399,1.909999966621399,1.909999966621399,1.909999966621399,10463
2024-12-23 12:57:00-05:00,,,,,0
2024-12-23 12:58:00-05:00,1.9249999523162842,1.9249999523162842,1.9249999523162842,1.9249999523162842,1000
2024-12-23 12:59:00-05:00,1.9019999504089355,1.9249999523162842,1.9019999504089355,1.9249999523162842,85
2024-12-23 13:00:00-05:00,1.9499000310897827,1.9499000310897827,1.9499000310897827,1.9499000310897827,2410
2024-12-23 13:01:00-05:00,1.899999976158142,1.899999976158142,1.899999976158142,1.899999976158142,168
2024-12-23 13:02:00-05:00,,,,,0
2024-12-23 13:03:00-05:00,,,,,0
2024-12-23 13:04:00-05:00,,,,,0
2024-12-23 13:05:00-05:00,1.9199999570846558,1.9199999570846558,1.909999966621399,1.909999966621399,2776
2024-12-23 13:06:00-05:00,,,,,0
2024-12-23 13:07:00-05:00,,,,,0
2024-12-23 13:08:00-05:00,,,,,0
2024-12-23 13:09:00-05:00,,,,,0
2024-12-23 13:10:00-05:00,,,,,0
2024-12-23 13:11:00-05:00,,,,,0
2024-12-23 13:12:00-05:00,1.9500000476837158,1.9500000476837158,1.9299999475479126,1.9299999475479126,3118
2024-12-23 13:13:00-05:00,1.9500000476837158,1.9500000476837158,1.910099983215332,1.910099983215332,3504
2024-12-23 13:14:00-05:00,,,,,0
2024-12-23 13:15:00-05:00,,,,,0
2024-12-23 13:16:00-05:00,,,,,0
2024-12-23 13:17:00-05:00,1.9800000190734863,1.9900000095367432,1.9800000190734863,1.98989999294281,21620
2024-12-23 13:18:00-05:00,1.9589999914169312,1.9589999914169312,1.9589999914169312,1.9589999914169312,3869
2024-12-23 13:19:00-05:00,,,,,0
2024-12-23 13:20:00-05:00,1.965000033378601,1.965000033378601,1.965000033378601,1.965000033378601,5059
2024-12-23 13:21:00-05:00,1.940000057220459,1.940000057220459,1.940000057220459,1.940000057220459,185
2024-12-23 13:22:00-05:00,1.9498000144958496,1.9498000144958496,1.8899999856948853,1.9199999570846558,3341
2024-12-23 13:23:00-05:00,,,,,0
2024-12-23 13:24:00-05:00,,,,,0
2024-12-23 13:25:00-05:00,,,,,0
2024-12-23 13:26:00-05:00,,,,,0
2024-12-23 13:27:00-05:00,,,,,0
2024-12-23 13:28:00-05:00,,,,,0
2024-12-23 13:29:00-05:00,,,,,0
2024-12-23 13:30:00-05:00,,,,,0
2024-12-23 13:31:00-05:00,,,,,0
2024-12-23 13:32:00-05:00,,,,,0
2024-12-23 13:33:00-05:00,,,,,0
2024-12-23 13:34:00-05:00,,,,,0
2024-12-23 13:35:00-05:00,1.9199999570846558,1.9199999570846558,1.9176000356674194,1.9176000356674194,1948
2024-12-23 13:36:00-05:00,1.9198999404907227,1.9198999404907227,1.9198999404907227,1.9198999404907227,207
2024-12-23 13:37:00-05:00,,,,,0
2024-12-23 13:38:00-05:00,1.934000015258789,1.934000015258789,1.934000015258789,1.934000015258789,335
2024-12-23 13:39:00-05:00,,,,,0
2024-12-23 13:40:00-05:00,,,,,0
2024-12-23 13:41:00-05:00,,,,,0
2024-12-23 13:42:00-05:00,,,,,0
2024-12-23 13:43:00-05:00,,,,,0
2024-12-23 13:44:00-05:00,1.899999976158142,1.899999976158142,1.899999976158142,1.899999976158142,361
2024-12-23 13:45:00-05:00,,,,,0
2024-12-23 13:46:00-05:00,,,,,0
2024-12-23 13:47:00-05:00,,,,,0
2024-12-23 13:48:00-05:00,,,,,0
2024-12-23 13:49:00-05:00,,,,,0
2024-12-23 13:50:00-05:00,,,,,0
2024-12-23 13:51:00-05:00,,,,,0
2024-12-23 13:52:00-05:00,,,,,0
2024-12-23 13:53:00-05:00,,,,,0
2024-12-23 13:54:00-05:00,,,,,0
2024-12-23 13:55:00-05:00,1.899999976158142,1.899999976158142,1.899999976158142,1.899999976158142,620
2024-12-23 13:56:00-05:00,,,,,0
2024-12-23 13:57:00-05:00,,,,,0
2024-12-23 13:58:00-05:00,1.9299999475479126,1.9299999475479126,1.9299999475479126,1.9299999475479126,147
2024-12-23 13:59:00-05:00,1.9299999475479126,1.940000057220459,1.9299999475479126,1.940000057220459,2501
2024-12-23 14:00:00-05:00,1.899999976158142,1.899999976158142,1.899999976158142,1.899999976158142,10876
2024-12-23 14:01:00-05:00,,,,,0
2024-12-23 14:02:00-05:00,,,,,0
2024-12-23 14:03:00-05:00,,,,,0
2024-12-23 14:04:00-05:00,,,,,0
2024-12-23 14:05:00-05:00,,,,,0
2024-12-23 14:06:00-05:00,,,,,0
2024-12-23 14:07:00-05:00,,,,,0
2024-12-23 14:08:00-05:00,,,,,0
2024-12-23 14:09:00-05:00,,,,,0
2024-12-23 14:10:00-05:00,,,,,0
2024-12-23 14:11:00-05:00,,,,,0
2024-12-23 14:12:00-05:00,,,,,0
2024-12-23 14:13:00-05:00,,,,,0
2024-12-23 14:14:00-05:00,,,,,0
2024-12-23 14:15:00-05:00,,,,,0
2024-12-23 14:16:00-05:00,,,,,0
2024-12-23 14:17:00-05:00,1.940000057220459,1.9500000476837158,1.9390000104904175,1.9500000476837158,19667
2024-12-23 14:18:00-05:00,,,,,0
2024-12-23 14:19:00-05:00,1.9500000476837158,1.9500000476837158,1.9500000476837158,1.9500000476837158,10100
2024-12-23 14:20:00-05:00,1.8700000047683716,1.9800000190734863,1.8700000047683716,1.9800000190734863,11822
2024-12-23 14:21:00-05:00,1.9600000381469727,1.9800000190734863,1.9448000192642212,1.9448000192642212,959
2024-12-23 14:22:00-05:00,,,,,0
2024-12-23 14:23:00-05:00,1.9782999753952026,1.9800000190734863,1.9782999753952026,1.9797999858856201,11716
2024-12-23 14:24:00-05:00,1.9900000095367432,2.0799999237060547,1.9900000095367432,2.029099941253662,7453
2024-12-23 14:25:00-05:00,2.029900074005127,2.029900074005127,1.940000057220459,1.940000057220459,6578
2024-12-23 14:26:00-05:00,,,,,0
2024-12-23 14:27:00-05:00,1.957900047302246,2.0,1.9400999546051025,1.9700000286102295,15024
2024-12-23 14:28:00-05:00,1.948699951171875,1.9967999458312988,1.948699951171875,1.9967999458312988,4303
2024-12-23 14:29:00-05:00,1.9900000095367432,2.0,1.9900000095367432,2.0,0
2024-12-23 14:30:00-05:00,1.9900000095367432,1.9900000095367432,1.9900000095367432,1.9900000095367432,320
2024-12-23 14:31:00-05:00,1.9850000143051147,1.9850000143051147,1.9700000286102295,1.9850000143051147,3560
2024-12-23 14:32:00-05:00,1.999899983406067,1.999899983406067,1.999899983406067,1.999899983406067,2210
2024-12-23 14:33:00-05:00,,,,,0
2024-12-23 14:34:00-05:00,,,,,0
2024-12-23 14:35:00-05:00,,,,,0
2024-12-23 14:36:00-05:00,,,,,0
2024-12-23 14:37:00-05:00,1.996899962425232,1.996899962425232,1.9850000143051147,1.9850000143051147,0
2024-12-23 14:38:00-05:00,,,,,0
2024-12-23 14:39:00-05:00,,,,,0
2024-12-23 14:40:00-05:00,,,,,0
2024-12-23 14:41:00-05:00,,,,,0
2024-12-23 14:42:00-05:00,,,,,0
2024-12-23 14:43:00-05:00,,,,,0
2024-12-23 14:44:00-05:00,2.0,2.0299999713897705,2.0,2.0299999713897705,741
2024-12-23 14:45:00-05:00,,,,,0
2024-12-23 14:46:00-05:00,2.0299999713897705,2.0299999713897705,2.0199999809265137,2.0199999809265137,700
2024-12-23 14:47:00-05:00,2.029900074005127,2.029900074005127,2.029900074005127,2.029900074005127,1136
2024-12-23 14:48:00-05:00,2.0250000953674316,2.0250000953674316,2.0250000953674316,2.0250000953674316,0
2024-12-23 14:49:00-05:00,,,,,0
2024-12-23 14:50:00-05:00,2.0,2.0,2.0,2.0,1401
2024-12-23 14:51:00-05:00,,,,,0
2024-12-23 14:52:00-05:00,,,,,0
2024-12-23 14:53:00-05:00,,,,,0
2024-12-23 14:54:00-05:00,,,,,0
2024-12-23 14:55:00-05:00,,,,,0
2024-12-23 14:56:00-05:00,,,,,0
2024-12-23 14:57:00-05:00,,,,,0
2024-12-23 14:58:00-05:00,,,,,0
2024-12-23 14:59:00-05:00,,,,,0
2024-12-23 15:00:00-05:00,,,,,0
2024-12-23 15:01:00-05:00,,,,,0
2024-12-23 15:02:00-05:00,,,,,0
2024-12-23 15:03:00-05:00,1.9900000095367432,2.0199999809265137,1.9900000095367432,2.0199999809265137,383
2024-12-23 15:04:00-05:00,,,,,0
2024-12-23 15:05:00-05:00,2.0,2.0,2.0,2.0,619
2024-12-23 15:06:00-05:00,2.0,2.0,2.0,2.0,792
2024-12-23 15:07:00-05:00,,,,,0
2024-12-23 15:08:00-05:00,,,,,0
2024-12-23 15:09:00-05:00,,,,,0
2024-12-23 15:10:00-05:00,,,,,0
2024-12-23 15:11:00-05:00,,,,,0
2024-12-23 15:12:00-05:00,2.0185000896453857,2.0185000896453857,2.0185000896453857,2.0185000896453857,4243
2024-12-23 15:13:00-05:00,,,,,0
2024-12-23 15:14:00-05:00,,,,,0
2024-12-23 15:15:00-05:00,,,,,0
2024-12-23 15:16:00-05:00,,,,,0
2024-12-23 15:17:00-05:00,2.0190000534057617,2.0190000534057617,2.0190000534057617,2.0190000534057617,148
2024-12-23 15:18:00-05:00,,,,,0
2024-12-23 15:19:00-05:00,,,,,0
2024-12-23 15:20:00-05:00,,,,,0
2024-12-23 15:21:00-05:00,,,,,0
2024-12-23 15:22:00-05:00,,,,,0
2024-12-23 15:23:00-05:00,,,,,0
2024-12-23 15:24:00-05:00,2.01990008354187,2.0199999809265137,2.005000114440918,2.0199999809265137,5287
2024-12-23 15:25:00-05:00,2.0250000953674316,2.0250000953674316,2.0250000953674316,2.0250000953674316,1143
2024-12-23 15:26:00-05:00,2.0299999713897705,2.0299999713897705,2.0299999713897705,2.0299999713897705,152
2024-12-23 15:27:00-05:00,,,,,0
2024-12-23 15:28:00-05:00,,,,,0
2024-12-23 15:29:00-05:00,2.029900074005127,2.029900074005127,2.029900074005127,2.029900074005127,3825
2024-12-23 15:30:00-05:00,2.0299999713897705,2.0299999713897705,2.0299999713897705,2.0299999713897705,0
2024-12-23 15:31:00-05:00,2.0499000549316406,2.0499000549316406,2.0499000549316406,2.0499000549316406,3099
2024-12-23 15:32:00-05:00,2.0557000637054443,2.0557000637054443,2.030100107192993,2.0508999824523926,4706
2024-12-23 15:33:00-05:00,2.0699000358581543,2.0699000358581543,2.049999952316284,2.049999952316284,1226
2024-12-23 15:34:00-05:00,,,,,0
2024-12-23 15:35:00-05:00,2.049999952316284,2.049999952316284,2.049999952316284,2.049999952316284,1130
2024-12-23 15:36:00-05:00,2.0199999809265137,2.0199999809265137,2.0199999809265137,2.0199999809265137,1090
2024-12-23 15:37:00-05:00,,,,,0
2024-12-23 15:38:00-05:00,2.0199999809265137,2.0199999809265137,2.0199999809265137,2.0199999809265137,3037
2024-12-23 15:39:00-05:00,,,,,0
2024-12-23 15:40:00-05:00,,,,,0
2024-12-23 15:41:00-05:00,,,,,0
2024-12-23 15:42:00-05:00,,,,,0
2024-12-23 15:43:00-05:00,2.0201001167297363,2.0211000442504883,2.0199999809265137,2.0211000442504883,7628
2024-12-23 15:44:00-05:00,2.061300039291382,2.061300039291382,2.061300039291382,2.061300039291382,292
2024-12-23 15:45:00-05:00,,,,,0
2024-12-23 15:46:00-05:00,2.0299999713897705,2.0299999713897705,2.0299999713897705,2.0299999713897705,301
2024-12-23 15:47:00-05:00,2.049999952316284,2.0696001052856445,2.049999952316284,2.0696001052856445,1776
2024-12-23 15:48:00-05:00,2.0299999713897705,2.0299999713897705,2.0299999713897705,2.0299999713897705,1806
2024-12-23 15:49:00-05:00,,,,,0
2024-12-23 15:50:00-05:00,,,,,0
2024-12-23 15:51:00-05:00,,,,,0
2024-12-23 15:52:00-05:00,,,,,0
2024-12-23 15:53:00-05:00,,,,,0
2024-12-23 15:54:00-05:00,2.0299999713897705,2.0299999713897705,2.0299999713897705,2.0299999713897705,145
2024-12-23 15:55:00-05:00,,,,,0
2024-12-23 15:56:00-05:00,2.0202999114990234,2.0202999114990234,2.0202999114990234,2.0202999114990234,636
2024-12-23 15:57:00-05:00,2.049999952316284,2.049999952316284,2.0299999713897705,2.0399999618530273,2931
2024-12-23 15:58:00-05:00,2.0232999324798584,2.0299999713897705,2.0232999324798584,2.0299999713897705,3249
2024-12-23 15:59:00-05:00,2.0199999809265137,2.0199999809265137,2.0199999809265137,2.0199999809265137,331
2024-12-24 09:30:00-05:00,2.049999952316284,2.049999952316284,2.049999952316284,2.049999952316284,9840
2024-12-24 09:31:00-05:00,,,,,0
2024-12-24 09:32:00-05:00,2.0058999061584473,2.0058999061584473,2.0058999061584473,2.0058999061584473,176
2024-12-24 09:33:00-05:00,2.0016000270843506,2.0016000270843506,2.0016000270843506,2.0016000270843506,1311
2024-12-24 09:34:00-05:00,,,,,0
2024-12-24 09:35:00-05:00,,,,,0
2024-12-24 09:36:00-05:00,1.9651000499725342,1.9651000499725342,1.9651000499725342,1.9651000499725342,1210
2024-12-24 09:37:00-05:00,,,,,0
2024-12-24 09:38:00-05:00,1.9700000286102295,2.0,1.9700000286102295,1.999899983406067,3887
2024-12-24 09:39:00-05:00,1.9800000190734863,1.9800000190734863,1.9800000190734863,1.9800000190734863,58
2024-12-24 09:40:00-05:00,1.9700000286102295,1.9700000286102295,1.9600000381469727,1.9600000381469727,1053
2024-12-24 09:41:00-05:00,1.9500000476837158,1.9500000476837158,1.9500000476837158,1.9500000476837158,3229
2024-12-24 09:42:00-05:00,,,,,0
2024-12-24 09:43:00-05:00,1.9600000381469727,1.9600000381469727,1.9600000381469727,1.9600000381469727,6407
2024-12-24 09:44:00-05:00,,,,,0
2024-12-24 09:45:00-05:00,,,,,0
2024-12-24 09:46:00-05:00,,,,,0
2024-12-24 09:47:00-05:00,,,,,0
2024-12-24 09:48:00-05:00,,,,,0
2024-12-24 09:49:00-05:00,,,,,0
2024-12-24 09:50:00-05:00,1.909999966621399,1.909999966621399,1.8600000143051147,1.8600000143051147,2900
2024-12-24 09:51:00-05:00,1.899999976158142,1.899999976158142,1.850100040435791,1.850100040435791,2530
2024-12-24 09:52:00-05:00,,,,,0
2024-12-24 09:53:00-05:00,,,,,0
2024-12-24 09:54:00-05:00,,,,,0
2024-12-24 09:55:00-05:00,,,,,0
2024-12-24 09:56:00-05:00,,,,,0
2024-12-24 09:57:00-05:00,1.8601000308990479,1.8601000308990479,1.8601000308990479,1.8601000308990479,200
2024-12-24 09:58:00-05:00,,,,,0
2024-12-24 09:59:00-05:00,1.8799999952316284,1.8799999952316284,1.8799999952316284,1.8799999952316284,193
2024-12-24 10:00:00-05:00,,,,,0
2024-12-24 10:01:00-05:00,,,,,0
2024-12-24 10:02:00-05:00,,,,,0
2024-12-24 10:03:00-05:00,1.899999976158142,1.899999976158142,1.899999976158142,1.899999976158142,367
2024-12-24 10:04:00-05:00,,,,,0
2024-12-24 10:05:00-05:00,1.899999976158142,1.899999976158142,1.899999976158142,1.899999976158142,754
2024-12-24 10:06:00-05:00,,,,,0
2024-12-24 10:07:00-05:00,,,,,0
2024-12-24 10:08:00-05:00,,,,,0
2024-12-24 10:09:00-05:00,1.909999966621399,1.909999966621399,1.909999966621399,1.909999966621399,910
2024-12-24 10:10:00-05:00,,,,,0
2024-12-24 10:11:00-05:00,,,,,0
2024-12-24 10:12:00-05:00,,,,,0
2024-12-24 10:13:00-05:00,1.8600000143051147,1.8600000143051147,1.8600000143051147,1.8600000143051147,760
2024-12-24 10:14:00-05:00,,,,,0
2024-12-24 10:15:00-05:00,1.8799999952316284,1.8799999952316284,1.8799999952316284,1.8799999952316284,160
2024-12-24 10:16:00-05:00,1.8700000047683716,1.8700000047683716,1.8600000143051147,1.8600000143051147,1670
2024-12-24 10:17:00-05:00,,,,,0
2024-12-24 10:18:00-05:00,,,,,0
2024-12-24 10:19:00-05:00,,,,,0
2024-12-24 10:20:00-05:00,,,,,0
2024-12-24 10:21:00-05:00,1.8799999952316284,1.899999976158142,1.8799999952316284,1.899999976158142,1200
2024-12-24 10:22:00-05:00,1.8899999856948853,1.8899999856948853,1.8899999856948853,1.8899999856948853,1
2024-12-24 10:23:00-05:00,,,,,0
2024-12-24 10:24:00-05:00,,,,,0
2024-12-24 10:25:00-05:00,1.8905999660491943,1.8905999660491943,1.8905999660491943,1.8905999660491943,111
2024-12-24 10:26:00-05:00,1.8899999856948853,1.8899999856948853,1.8899999856948853,1.8899999856948853,198
2024-12-24 10:27:00-05:00,1.8899999856948853,1.8899999856948853,1.8700000047683716,1.8801000118255615,1828
2024-12-24 10:28:00-05:00,,,,,0
2024-12-24 10:29:00-05:00,1.8700000047683716,1.8799999952316284,1.8700000047683716,1.8799999952316284,1914
2024-12-24 10:30:00-05:00,,,,,0
2024-12-24 10:31:00-05:00,1.899899959564209,1.899899959564209,1.899899959564209,1.899899959564209,200
2024-12-24 10:32:00-05:00,1.8949999809265137,1.8949999809265137,1.8949999809265137,1.8949999809265137,100
2024-12-24 10:33:00-05:00,,,,,0
2024-12-24 10:34:00-05:00,,,,,0
2024-12-24 10:35:00-05:00,1.8899999856948853,1.8899999856948853,1.8899999856948853,1.8899999856948853,100
2024-12-24 10:36:00-05:00,1.8799999952316284,1.8801000118255615,1.8799999952316284,1.8801000118255615,403
2024-12-24 10:37:00-05:00,1.8799999952316284,1.8799999952316284,1.8799999952316284,1.8799999952316284,349
2024-12-24 10:38:00-05:00,1.8799999952316284,1.899899959564209,1.8799999952316284,1.899899959564209,2662
2024-12-24 10:39:00-05:00,,,,,0
2024-12-24 10:40:00-05:00,1.899999976158142,1.899999976158142,1.899999976158142,1.899999976158142,404
2024-12-24 10:41:00-05:00,,,,,0
2024-12-24 10:42:00-05:00,,,,,0
2024-12-24 10:43:00-05:00,1.898900032043457,1.898900032043457,1.898900032043457,1.898900032043457,1015
2024-12-24 10:44:00-05:00,,,,,0
2024-12-24 10:45:00-05:00,1.898300051689148,1.898300051689148,1.898300051689148,1.898300051689148,458
2024-12-24 10:46:00-05:00,,,,,0
2024-12-24 10:47:00-05:00,1.8895000219345093,1.8895000219345093,1.88100004196167,1.8895000219345093,1522
2024-12-24 10:48:00-05:00,,,,,0
2024-12-24 10:49:00-05:00,,,,,0
2024-12-24 10:50:00-05:00,1.899999976158142,1.909999966621399,1.899999976158142,1.909999966621399,2198
2024-12-24 10:51:00-05:00,,,,,0
2024-12-24 10:52:00-05:00,,,,,0
2024-12-24 10:53:00-05:00,,,,,0
2024-12-24 10:54:00-05:00,,,,,0
2024-12-24 10:55:00-05:00,,,,,0
2024-12-24 10:56:00-05:00,,,,,0
2024-12-24 10:57:00-05:00,,,,,0
2024-12-24 10:58:00-05:00,1.9299999475479126,1.9299999475479126,1.9299999475479126,1.9299999475479126,777
2024-12-24 10:59:00-05:00,,,,,0
2024-12-24 11:00:00-05:00,,,,,0
2024-12-24 11:01:00-05:00,,,,,0
2024-12-24 11:02:00-05:00,,,,,0
2024-12-24 11:03:00-05:00,,,,,0
2024-12-24 11:04:00-05:00,,,,,0
2024-12-24 11:05:00-05:00,,,,,0
2024-12-24 11:06:00-05:00,,,,,0
2024-12-24 11:07:00-05:00,,,,,0
2024-12-24 11:08:00-05:00,,,,,0
2024-12-24 11:09:00-05:00,,,,,0
2024-12-24 11:10:00-05:00,1.9199999570846558,1.9199999570846558,1.9199999570846558,1.9199999570846558,382
2024-12-24 11:11:00-05:00,,,,,0
2024-12-24 11:12:00-05:00,,,,,0
2024-12-24 11:13:00-05:00,1.9299999475479126,1.9299999475479126,1.9299999475479126,1.9299999475479126,0
2024-12-24 11:14:00-05:00,,,,,0
2024-12-24 11:15:00-05:00,,,,,0
2024-12-24 11:16:00-05:00,,,,,0
2024-12-24 11:17:00-05:00,,,,,0
2024-12-24 11:18:00-05:00,,,,,0
2024-12-24 11:19:00-05:00,,,,,0
2024-12-24 11:20:00-05:00,,,,,0
2024-12-24 11:21:00-05:00,,,,,0
2024-12-24 11:22:00-05:00,,,,,0
2024-12-24 11:23:00-05:00,1.934399962425232,1.934399962425232,1.934399962425232,1.934399962425232,2369
2024-12-24 11:24:00-05:00,,,,,0
2024-12-24 11:25:00-05:00,,,,,0
2024-12-24 11:26:00-05:00,,,,,0
2024-12-24 11:27:00-05:00,,,,,0
2024-12-24 11:28:00-05:00,,,,,0
2024-12-24 11:29:00-05:00,,,,,0
2024-12-24 11:30:00-05:00,,,,,0
2024-12-24 11:31:00-05:00,,,,,0
2024-12-24 11:32:00-05:00,,,,,0
2024-12-24 11:33:00-05:00,,,,,0
2024-12-24 11:34:00-05:00,,,,,0
2024-12-24 11:35:00-05:00,,,,,0
2024-12-24 11:36:00-05:00,,,,,0
2024-12-24 11:37:00-05:00,,,,,0
2024-12-24 11:38:00-05:00,,,,,0
2024-12-24 11:39:00-05:00,,,,,0
2024-12-24 11:40:00-05:00,,,,,0
2024-12-24 11:41:00-05:00,,,,,0
2024-12-24 11:42:00-05:00,,,,,0
2024-12-24 11:43:00-05:00,,,,,0
2024-12-24 11:44:00-05:00,,,,,0
2024-12-24 11:45:00-05:00,,,,,0
2024-12-24 11:46:00-05:00,,,,,0
2024-12-24 11:47:00-05:00,,,,,0
2024-12-24 11:48:00-05:00,1.940000057220459,1.940000057220459,1.940000057220459,1.940000057220459,403
2024-12-24 11:49:00-05:00,,,,,0
2024-12-24 11:50:00-05:00,,,,,0
2024-12-24 11:51:00-05:00,1.940000057220459,1.940000057220459,1.940000057220459,1.940000057220459,545
2024-12-24 11:52:00-05:00,,,,,0
2024-12-24 11:53:00-05:00,,,,,0
2024-12-24 11:54:00-05:00,,,,,0
2024-12-24 11:55:00-05:00,,,,,0
2024-12-24 11:56:00-05:00,,,,,0
2024-12-24 11:57:00-05:00,,,,,0
2024-12-24 11:58:00-05:00,,,,,0
2024-12-24 11:59:00-05:00,,,,,0
2024-12-24 12:00:00-05:00,,,,,0
2024-12-24 12:01:00-05:00,,,,,0
2024-12-24 12:02:00-05:00,,,,,0
2024-12-24 12:03:00-05:00,1.920199990272522,1.9399000406265259,1.920199990272522,1.9399000406265259,1502
2024-12-24 12:04:00-05:00,,,,,0
2024-12-24 12:05:00-05:00,,,,,0
2024-12-24 12:06:00-05:00,,,,,0
2024-12-24 12:07:00-05:00,,,,,0
2024-12-24 12:08:00-05:00,,,,,0
2024-12-24 12:09:00-05:00,1.9332000017166138,1.9332000017166138,1.9332000017166138,1.9332000017166138,127
2024-12-24 12:10:00-05:00,,,,,0
2024-12-24 12:11:00-05:00,,,,,0
2024-12-24 12:12:00-05:00,,,,,0
2024-12-24 12:13:00-05:00,,,,,0
2024-12-24 12:14:00-05:00,,,,,0
2024-12-24 12:15:00-05:00,,,,,0
2024-12-24 12:16:00-05:00,,,,,0
2024-12-24 12:17:00-05:00,,,,,0
2024-12-24 12:18:00-05:00,,,,,0
2024-12-24 12:19:00-05:00,,,,,0
2024-12-24 12:20:00-05:00,,,,,0
2024-12-24 12:21:00-05:00,,,,,0
2024-12-24 12:22:00-05:00,,,,,0
2024-12-24 12:23:00-05:00,,,,,0
2024-12-24 12:24:00-05:00,1.9199999570846558,1.9199999570846558,1.9199999570846558,1.9199999570846558,374
2024-12-24 12:25:00-05:00,,,,,0
2024-12-24 12:26:00-05:00,1.909999966621399,1.909999966621399,1.909999966621399,1.909999966621399,520
2024-12-24 12:27:00-05:00,,,,,0
2024-12-24 12:28:00-05:00,,,,,0
2024-12-24 12:29:00-05:00,,,,,0
2024-12-24 12:30:00-05:00,,,,,0
2024-12-24 12:31:00-05:00,,,,,0
2024-12-24 12:32:00-05:00,,,,,0
2024-12-24 12:33:00-05:00,,,,,0
2024-12-24 12:34:00-05:00,1.9199999570846558,1.9199999570846558,1.9199999570846558,1.9199999570846558,195
2024-12-24 12:35:00-05:00,,,,,0
2024-12-24 12:36:00-05:00,,,,,0
2024-12-24 12:37:00-05:00,,,,,0
2024-12-24 12:38:00-05:00,1.909999966621399,1.909999966621399,1.8601000308990479,1.8601000308990479,3008
2024-12-24 12:39:00-05:00,1.8899999856948853,1.8899999856948853,1.8899999856948853,1.8899999856948853,0
2024-12-24 12:40:00-05:00,,,,,0
2024-12-24 12:41:00-05:00,,,,,0
2024-12-24 12:42:00-05:00,,,,,0
2024-12-24 12:43:00-05:00,,,,,0
2024-12-24 12:44:00-05:00,,,,,0
2024-12-24 12:45:00-05:00,,,,,0
2024-12-24 12:46:00-05:00,,,,,0
2024-12-24 12:47:00-05:00,,,,,0
2024-12-24 12:48:00-05:00,,,,,0
2024-12-24 12:49:00-05:00,,,,,0
2024-12-24 12:50:00-05:00,,,,,0
2024-12-24 12:51:00-05:00,,,,,0
2024-12-24 12:52:00-05:00,,,,,0
2024-12-24 12:53:00-05:00,1.899999976158142,1.9199999570846558,1.8861000537872314,1.9199999570846558,4726
2024-12-24 12:54:00-05:00,,,,,0
2024-12-24 12:55:00-05:00,,,,,0
2024-12-24 12:56:00-05:00,,,,,0
2024-12-24 12:57:00-05:00,1.8899999856948853,1.8949999809265137,1.8899999856948853,1.8949999809265137,1975
2024-12-24 12:58:00-05:00,,,,,0
2024-12-24 12:59:00-05:00,1.909999966621399,1.909999966621399,1.8799999952316284,1.8899999856948853,1347
